Student_ID,Age,Math_Score,Science_Score,English_Score,Hours_Studied,Pass_Fail
S1000,17,67.5,41.2,44.4,6.0,1
S1001,18,54.9,44.1,59.4,6.3,1
S1002,15,62.9,46.4,60.6,6.1,0
S1003,17,68.1,58.7,55.8,5.2,0
S1004,17,51.3,59.1,60.8,4.6,1
S1005,18,58.8,79.6,77.4,4.7,1
S1006,15,59.1,63.4,56.4,4.6,1
S1007,15,72.4,20.1,71.5,7.3,1
S1008,17,44.0,61.7,53.4,6.2,1
S1009,16,59.2,37.7,62.7,0.0,1
S1010,17,88.7,44.5,68.9,6.3,1
S1011,17,77.5,46.6,53.0,5.4,0
S1012,17,80.2,48.7,49.3,5.0,1
S1013,17,60.4,38.7,70.9,4.2,0
S1014,18,64.8,60.8,78.5,7.2,1
S1015,15,75.0,38.2,64.1,6.9,0
S1016,18,83.4,63.0,59.5,3.5,1
S1017,18,30.7,89.3,66.9,5.8,1
S1018,18,40.3,39.4,65.7,3.1,1
S1019,17,79.6,54.0,67.9,2.2,1
S1020,16,55.8,22.7,34.7,3.7,0
S1021,15,49.9,53.8,52.2,6.7,0
S1022,16,41.2,67.0,54.9,6.9,0
S1023,18,51.7,68.1,66.8,6.0,1
S1024,18,39.0,59.1,67.2,6.5,1
S1025,16,91.4,70.4,72.6,6.0,1
S1026,16,59.7,93.6,68.1,3.7,1
S1027,16,59.1,82.0,49.4,5.9,1
S1028,18,68.8,50.7,82.4,6.6,1
S1029,18,74.4,37.7,80.3,6.5,1
S1030,15,74.2,52.3,49.9,7.4,0
S1031,15,76.1,44.7,69.0,6.4,1
S1032,18,50.5,64.3,57.9,5.7,1
S1033,16,55.5,41.5,66.7,7.1,0
S1034,16,71.5,57.0,77.6,4.9,1
S1035,15,52.1,69.7,90.6,3.2,1
S1036,18,59.9,56.6,74.0,4.7,0
S1037,15,66.0,44.8,68.5,3.5,1
S1038,15,71.8,74.4,60.9,3.6,1
S1039,17,33.3,31.7,67.2,4.7,0
S1040,17,70.7,53.4,81.3,3.4,0
S1041,17,56.5,57.4,64.5,4.4,1
S1042,16,70.6,58.2,54.4,1.2,1
S1043,18,71.7,60.5,45.6,5.4,1
S1044,18,84.1,66.5,71.2,5.0,1
S1045,18,80.3,57.5,68.0,3.4,1
S1046,18,80.2,52.8,57.2,6.3,1
S1047,17,81.7,52.3,77.3,6.9,1
S1048,16,64.4,49.4,59.9,1.8,0
S1049,16,60.5,69.0,63.4,3.5,1
S1050,17,73.1,48.9,64.8,3.5,1
S1051,16,71.0,69.9,60.8,3.1,1
S1052,17,55.4,58.3,67.8,6.7,1
S1053,18,66.1,50.7,78.8,4.6,1
S1054,17,59.5,66.7,51.3,4.5,1
S1055,18,47.2,47.8,70.9,1.0,1
S1056,18,79.4,66.9,67.1,6.3,1
S1057,15,60.8,61.0,66.8,2.5,0
S1058,17,90.7,49.7,75.5,5.1,1
S1059,15,35.6,65.4,65.6,5.6,1
S1060,17,51.6,65.7,70.8,7.7,1
S1061,17,60.5,74.2,73.6,2.4,1
S1062,15,77.1,71.5,58.9,0.0,1
S1063,15,66.0,64.9,68.6,5.4,1
S1064,17,64.7,42.2,62.0,8.6,1
S1065,16,43.1,92.3,63.4,7.5,1
S1066,18,42.6,38.3,61.1,5.4,0
S1067,15,64.8,71.3,70.7,4.0,1
S1068,18,39.5,64.0,66.0,6.6,1
S1069,16,52.0,41.6,69.7,3.1,1
S1070,16,67.5,56.3,64.8,6.0,1
S1071,16,45.3,56.9,45.8,6.0,1
S1072,15,84.1,76.3,65.4,7.1,1
S1073,16,78.4,48.0,65.8,10.5,1
S1074,15,36.4,54.3,67.9,5.8,1
S1075,16,46.0,25.3,57.9,4.0,1
S1076,18,25.7,82.3,50.7,4.9,1
S1077,18,48.3,43.0,72.5,1.5,1
S1078,17,71.5,62.6,61.7,3.6,1
S1079,18,53.8,56.6,67.1,4.2,1
S1080,17,66.9,56.6,61.6,4.0,1
S1081,18,37.2,69.3,64.9,5.3,0
S1082,15,72.0,81.4,59.6,3.4,1
S1083,18,51.7,61.5,53.4,7.2,0
S1084,17,60.2,67.2,70.7,5.0,1
S1085,17,58.6,62.6,57.8,5.0,0
S1086,16,40.9,72.2,67.0,4.3,1
S1087,15,42.7,51.5,69.9,5.3,0
S1088,18,74.5,73.1,58.0,6.7,0
S1089,16,66.0,73.5,50.6,3.3,1
S1090,18,75.8,73.2,94.1,3.7,1
S1091,18,64.9,48.8,58.7,4.4,0
S1092,16,62.1,55.6,72.5,2.3,1
S1093,16,34.1,61.4,88.3,3.4,1
S1094,16,55.9,38.8,74.5,4.0,0
S1095,16,59.6,80.3,61.4,6.7,1
S1096,16,89.3,57.8,64.2,5.5,1
S1097,18,70.3,62.0,55.0,5.4,1
S1098,16,83.0,49.9,75.6,6.7,1
S1099,15,69.0,39.4,71.8,4.7,0
S1100,17,49.3,49.5,58.8,5.8,1
S1101,16,61.8,61.1,52.5,4.8,0
S1102,16,63.5,67.4,49.1,5.5,1
S1103,18,45.9,60.3,76.8,3.8,1
S1104,16,54.2,62.9,66.4,0.1,1
S1105,16,56.9,53.3,67.6,4.7,1
S1106,16,84.1,64.9,55.1,7.8,0
S1107,18,28.8,78.8,47.4,6.9,1
S1108,16,78.1,67.9,76.6,6.9,1
S1109,17,45.9,69.3,65.5,7.5,1
S1110,18,39.4,62.1,75.9,5.2,1
S1111,17,77.7,37.0,60.4,5.4,1
S1112,18,71.0,43.4,62.2,3.8,0
S1113,16,78.8,64.4,73.6,4.4,1
S1114,17,72.0,57.8,73.8,6.2,1
S1115,18,90.9,64.2,74.6,7.4,1
S1116,15,68.4,81.5,61.5,4.7,1
S1117,16,57.7,68.2,72.4,4.1,1
S1118,18,65.1,75.6,78.3,5.0,1
S1119,15,78.7,59.3,63.7,6.2,0
S1120,18,48.3,46.7,58.8,2.1,1
S1121,15,50.2,57.2,81.1,0.4,1
S1122,16,55.4,46.7,57.1,3.9,1
S1123,17,28.4,79.8,72.6,2.6,1
S1124,15,62.1,69.1,64.3,4.0,1
S1125,18,31.7,65.3,42.9,4.7,0
S1126,16,60.8,75.3,78.5,4.1,1
S1127,15,73.0,29.7,31.9,7.9,1
S1128,18,52.8,66.2,41.2,5.7,1
S1129,18,85.2,39.7,71.3,5.6,1
S1130,18,38.1,57.9,71.3,6.2,0
S1131,15,77.9,53.6,57.3,2.7,1
S1132,15,70.1,67.3,66.8,7.1,1
S1133,15,34.3,61.2,34.6,4.8,0
S1134,17,100.0,76.8,73.5,6.3,1
S1135,15,59.0,49.6,68.0,2.9,1
S1136,15,46.8,67.9,64.5,1.9,0
S1137,15,38.9,60.3,65.3,6.6,0
S1138,17,56.7,35.1,70.9,5.8,1
S1139,15,58.1,45.1,64.7,3.2,1
S1140,18,61.5,55.9,42.5,3.3,1
S1141,15,55.5,73.6,91.4,7.3,0
S1142,18,69.5,64.5,79.4,2.6,0
S1143,18,54.2,41.7,49.6,8.3,0
S1144,18,31.0,56.0,60.9,3.2,1
S1145,17,57.8,86.2,62.2,6.3,1
S1146,17,24.5,59.6,77.9,4.3,0
S1147,17,65.3,53.4,39.1,6.2,1
S1148,15,45.3,64.9,59.0,3.9,1
S1149,18,62.5,68.7,43.9,4.7,1
S1150,17,79.7,51.6,61.6,5.1,1
S1151,17,45.8,65.0,59.3,3.0,0
S1152,15,75.9,53.4,66.0,6.5,1
S1153,17,53.5,68.1,57.7,4.0,1
S1154,15,86.3,60.4,56.0,4.5,1
S1155,16,54.5,64.7,72.4,3.0,1
S1156,17,47.4,47.4,70.5,0.0,1
S1157,16,70.3,46.5,71.6,4.6,1
S1158,15,53.5,71.2,62.9,9.8,1
S1159,18,47.4,56.9,58.1,6.6,1
S1160,17,52.8,62.0,63.6,5.0,1
S1161,15,59.3,53.7,71.0,4.5,1
S1162,18,80.1,70.6,38.9,5.0,1
S1163,18,31.0,49.5,69.7,6.1,0
S1164,16,60.3,56.1,68.7,2.6,1
S1165,15,69.4,69.0,65.7,7.2,1
S1166,18,62.9,74.4,63.2,6.4,1
S1167,17,79.6,50.7,34.2,6.4,1
S1168,17,58.9,85.4,59.7,5.9,1
S1169,16,57.2,62.4,86.5,5.0,1
S1170,18,68.9,43.4,65.2,6.3,1
S1171,15,61.5,63.2,61.3,6.2,1
S1172,17,54.1,52.6,65.2,4.3,1
S1173,18,67.7,64.1,69.3,3.9,1
S1174,18,50.2,57.4,72.9,5.2,1
S1175,16,50.8,59.0,62.3,8.1,1
S1176,17,52.1,45.2,70.1,2.5,0
S1177,17,80.3,71.9,85.1,2.1,1
S1178,15,11.7,41.8,77.1,5.3,1
S1179,17,65.9,42.5,93.1,5.1,1
S1180,15,60.5,63.1,57.1,5.3,1
S1181,17,34.8,80.4,85.1,5.5,1
S1182,16,64.6,53.1,55.5,4.6,1
S1183,17,67.1,67.8,69.2,8.0,0
S1184,15,68.8,73.0,73.8,1.8,0
S1185,15,20.2,69.4,58.9,3.3,1
S1186,16,80.5,53.6,66.1,4.8,1
S1187,17,48.9,42.7,75.9,1.7,1
S1188,17,70.3,27.1,56.5,4.6,1
S1189,16,71.1,54.3,85.0,8.3,1
S1190,17,46.8,74.5,48.4,5.0,1
S1191,17,69.9,42.3,88.3,5.5,0
S1192,15,54.2,67.8,77.0,2.5,1
S1193,17,28.9,44.7,63.9,3.8,0
S1194,17,77.5,59.5,60.2,4.2,1
S1195,16,48.4,67.9,58.9,4.4,1
S1196,16,47.2,48.8,63.4,7.6,1
S1197,18,54.0,60.4,64.4,6.1,0
S1198,15,64.1,52.2,80.1,2.8,1
S1199,17,59.1,67.9,88.6,5.5,0
S1200,17,68.2,61.3,67.4,6.0,0
S1201,18,39.9,58.8,54.9,7.3,0
S1202,17,48.9,79.8,58.5,8.2,1
S1203,15,58.3,67.3,62.8,3.0,1
S1204,18,88.5,48.3,52.6,3.4,0
S1205,15,58.3,56.8,50.9,2.5,1
S1206,18,76.3,56.9,90.2,4.5,1
S1207,18,60.6,59.1,68.6,5.9,1
S1208,16,52.7,93.3,55.0,7.0,1
S1209,15,56.3,63.2,74.8,4.8,1
S1210,17,57.5,29.5,50.9,4.4,0
S1211,17,69.1,50.4,51.8,5.3,1
S1212,15,80.6,30.9,55.4,3.3,1
S1213,17,65.4,53.4,84.9,9.2,1
S1214,17,77.8,30.2,62.0,1.8,1
S1215,15,45.5,45.8,35.7,5.4,0
S1216,18,53.8,36.7,79.5,9.0,1
S1217,15,49.1,63.4,61.3,5.0,1
S1218,18,64.7,58.0,42.8,4.6,1
S1219,17,54.6,62.2,61.2,4.3,1
S1220,17,70.9,56.5,71.3,4.6,1
S1221,17,46.0,38.5,69.8,7.7,1
S1222,16,60.6,65.2,86.6,0.6,1
S1223,18,70.3,84.9,54.8,8.1,1
S1224,16,29.0,63.7,65.6,2.2,0
S1225,16,91.8,52.0,56.6,4.5,0
S1226,15,55.8,38.0,46.5,4.1,0
S1227,16,29.6,45.3,75.6,6.2,1
S1228,15,62.4,64.3,70.6,1.8,1
S1229,15,60.5,73.0,68.4,5.9,0
S1230,16,58.8,61.7,70.1,9.0,1
S1231,18,74.9,69.2,56.8,2.3,1
S1232,18,71.2,67.9,52.9,5.4,1
S1233,18,64.5,65.1,65.5,3.7,0
S1234,18,66.8,48.8,78.9,5.9,1
S1235,18,58.4,60.4,84.3,5.0,1
S1236,16,86.6,46.1,74.5,3.7,1
S1237,16,37.8,58.2,65.4,6.0,1
S1238,17,62.1,62.6,68.2,8.6,1
S1239,18,61.0,81.5,65.1,4.6,1
S1240,16,72.2,39.7,52.7,6.4,1
S1241,17,47.3,64.7,65.3,2.4,1
S1242,18,33.8,78.7,49.0,3.1,1
S1243,15,62.4,68.6,63.5,5.9,1
S1244,17,64.2,69.7,84.6,8.0,1
S1245,16,82.3,66.2,74.9,5.7,0
S1246,15,40.9,76.2,53.9,4.4,1
S1247,15,77.3,42.8,64.1,5.0,1
S1248,15,95.5,38.6,55.0,2.5,1
S1249,17,54.3,57.9,64.2,6.2,1
S1250,16,40.6,27.7,77.5,6.8,1
S1251,15,53.9,75.2,72.8,4.1,1
S1252,18,60.2,75.1,94.8,4.1,1
S1253,15,68.5,51.9,79.3,5.5,1
S1254,15,51.1,52.8,67.4,4.1,1
S1255,17,83.3,57.0,73.1,4.9,1
S1256,17,43.3,58.7,62.6,9.2,0
S1257,16,33.9,59.8,51.5,4.5,1
S1258,18,76.6,65.8,80.7,4.3,1
S1259,17,25.9,55.6,77.1,3.7,1
S1260,15,56.9,71.2,62.1,6.5,1
S1261,16,100.0,64.2,68.3,4.6,0
S1262,15,59.8,49.5,79.9,3.7,1
S1263,15,43.2,76.7,75.2,7.6,1
S1264,17,59.1,39.0,47.4,7.8,1
S1265,16,59.2,56.7,67.9,3.8,1
S1266,18,62.4,71.5,63.0,1.3,1
S1267,18,69.9,47.9,78.4,7.0,1
S1268,17,44.4,62.3,77.4,3.6,1
S1269,17,85.3,65.6,80.8,6.6,1
S1270,16,63.7,46.0,51.6,1.1,1
S1271,18,70.9,57.0,55.6,6.8,1
S1272,18,50.6,55.8,78.4,2.6,1
S1273,18,79.3,50.3,57.9,6.5,0
S1274,15,56.1,90.2,46.7,5.0,1
S1275,18,64.2,47.3,71.4,3.1,1
S1276,15,46.0,72.1,58.4,4.2,0
S1277,16,45.0,52.5,86.5,6.4,1
S1278,15,70.3,42.8,68.6,5.2,1
S1279,16,53.3,59.4,66.9,6.2,0
S1280,18,47.2,67.1,60.6,9.0,0
S1281,18,50.4,70.9,84.1,1.9,1
S1282,16,70.5,79.9,69.3,8.2,1
S1283,17,50.6,99.2,60.1,5.2,1
S1284,16,58.2,61.5,55.5,3.2,0
S1285,17,60.2,48.7,64.1,2.3,0
S1286,15,31.2,64.3,53.3,4.6,1
S1287,15,37.9,54.3,77.3,6.8,0
S1288,15,65.0,71.0,43.3,4.7,0
S1289,18,48.9,39.8,63.3,8.0,1
S1290,15,75.9,91.2,72.3,2.1,1
S1291,17,74.5,70.0,69.1,5.0,1
S1292,15,70.8,34.4,56.4,2.5,1
S1293,16,87.3,48.1,72.9,5.7,0
S1294,16,58.8,69.4,54.4,6.8,0
S1295,18,69.7,74.5,64.7,4.2,1
S1296,16,51.2,40.2,72.8,0.0,1
S1297,17,96.8,68.0,70.6,5.4,1
S1298,15,89.8,30.7,56.9,5.9,0
S1299,18,60.2,56.7,79.4,5.8,1
S1300,15,65.8,73.6,66.0,7.5,1
S1301,15,80.4,50.3,73.9,2.9,1
S1302,17,57.8,36.9,83.3,6.4,1
S1303,16,50.2,60.0,78.4,7.4,1
S1304,16,73.1,49.5,78.4,1.4,0
S1305,15,61.2,66.8,67.3,5.6,1
S1306,18,62.7,45.6,74.5,4.0,1
S1307,16,47.5,47.2,67.6,4.8,1
S1308,18,34.2,29.7,50.5,5.7,0
S1309,16,63.5,60.4,68.6,4.0,1
S1310,18,73.6,55.7,68.1,3.6,1
S1311,17,56.6,41.4,72.0,5.1,0
S1312,18,81.5,60.7,63.5,2.8,1
S1313,17,49.4,72.4,55.9,2.8,1
S1314,17,44.2,55.0,72.9,6.4,1
S1315,18,59.0,61.8,49.2,2.7,0
S1316,17,58.8,61.8,82.5,6.3,1
S1317,15,71.5,41.1,62.2,5.9,0
S1318,17,48.4,86.8,67.9,1.5,1
S1319,16,80.5,51.4,71.7,3.6,1
S1320,18,89.5,67.2,72.1,7.4,1
S1321,15,59.4,68.8,48.1,3.0,0
S1322,18,78.7,56.0,74.9,4.1,1
S1323,16,44.2,66.5,68.6,5.9,1
S1324,16,76.1,61.4,57.4,6.6,1
S1325,16,75.7,38.2,56.0,4.5,1
S1326,17,73.0,53.3,61.0,3.8,1
S1327,17,59.8,49.4,49.4,7.8,0
S1328,18,15.7,51.5,85.7,8.5,1
S1329,18,50.4,39.7,82.8,7.0,1
S1330,15,50.6,73.8,70.4,5.2,1
S1331,15,45.3,80.4,62.3,3.4,1
S1332,18,61.8,71.7,62.6,3.3,1
S1333,17,53.7,75.8,74.1,6.0,1
S1334,16,47.6,53.2,86.1,5.8,1
S1335,18,44.1,49.1,58.2,7.8,1
S1336,15,49.3,47.1,51.6,6.3,1
S1337,17,76.8,67.0,83.6,2.0,1
S1338,18,50.1,61.2,43.6,7.1,0
S1339,18,52.3,56.9,52.9,3.0,1
S1340,17,53.1,76.1,62.0,4.2,1
S1341,18,65.1,63.7,46.3,5.5,1
S1342,17,66.8,46.3,78.3,9.0,1
S1343,16,14.3,48.5,75.3,11.2,0
S1344,17,75.3,67.5,58.1,6.2,1
S1345,17,81.5,72.6,80.4,4.6,1
S1346,17,44.2,65.7,82.4,6.1,0
S1347,18,45.4,84.6,63.6,6.8,1
S1348,18,53.2,80.9,59.6,4.4,0
S1349,17,48.7,64.2,92.1,8.6,1
S1350,18,63.4,46.3,73.7,5.5,0
S1351,15,30.8,39.7,68.1,6.0,1
S1352,15,43.2,52.6,81.4,6.3,0
S1353,18,83.1,68.5,68.6,5.8,1
S1354,18,46.1,83.6,58.9,6.7,1
S1355,17,78.7,63.8,66.0,3.8,1
S1356,16,65.3,74.4,77.5,3.9,0
S1357,18,32.9,54.6,41.1,2.8,0
S1358,15,69.5,66.7,61.5,5.9,1
S1359,17,58.2,69.5,81.6,6.6,1
S1360,18,53.2,30.3,58.9,5.9,0
S1361,15,63.7,52.2,83.6,8.3,1
S1362,15,67.1,71.3,82.0,5.0,1
S1363,16,70.6,61.8,64.2,6.3,0
S1364,17,77.7,41.2,58.2,2.8,1
S1365,17,66.1,24.0,61.6,4.2,1
S1366,16,39.4,52.9,97.0,6.4,1
S1367,16,52.9,57.0,87.5,6.7,1
S1368,17,100.0,45.6,66.5,4.4,1
S1369,17,70.9,60.0,57.7,4.9,1
S1370,18,95.5,65.1,66.4,2.0,1
S1371,18,80.9,67.4,67.9,4.3,1
S1372,16,63.6,25.0,50.1,6.8,1
S1373,18,64.5,39.6,66.0,6.2,1
S1374,15,59.5,53.7,80.9,6.0,0
S1375,18,33.9,66.0,43.4,5.1,1
S1376,18,60.3,64.8,74.9,5.0,1
S1377,15,78.2,64.6,81.5,3.7,1
S1378,16,51.0,52.6,58.3,6.4,1
S1379,15,66.2,53.4,85.3,5.8,1
S1380,18,72.8,47.8,56.7,6.0,0
S1381,16,46.4,68.8,70.3,3.9,0
S1382,18,53.2,45.1,61.3,0.7,1
S1383,15,44.7,69.9,61.3,7.2,1
S1384,15,47.7,60.9,57.6,4.0,0
S1385,18,40.7,57.4,73.4,3.3,1
S1386,17,46.5,48.8,75.2,6.4,0
S1387,17,81.3,39.0,64.2,4.2,1
S1388,15,46.3,48.9,48.7,7.1,0
S1389,15,61.9,53.4,69.8,6.2,1
S1390,17,52.5,24.8,70.1,6.4,1
S1391,17,77.7,55.2,62.4,2.3,1
S1392,18,79.7,70.9,87.4,7.4,1
S1393,18,73.0,65.9,46.2,5.5,1
S1394,17,64.6,51.1,38.4,4.3,1
S1395,18,56.5,58.7,56.2,5.3,1
S1396,18,42.1,50.2,73.5,1.4,1
S1397,16,89.2,60.1,52.3,5.8,0
S1398,18,48.6,79.6,53.2,2.9,1
S1399,15,70.0,71.6,76.4,2.3,1
S1400,18,75.9,65.3,70.6,2.0,1
S1401,18,51.7,51.1,69.5,7.2,1
S1402,17,75.6,68.5,74.4,3.7,1
S1403,15,71.5,34.4,59.9,8.1,1
S1404,18,85.9,54.5,60.5,3.9,1
S1405,18,53.0,66.2,74.7,1.6,1
S1406,16,40.7,68.4,48.9,2.8,1
S1407,18,52.4,67.4,39.3,7.5,1
S1408,18,63.1,62.1,59.8,4.7,1
S1409,16,60.9,55.3,76.2,3.9,1
S1410,17,54.1,65.5,68.1,5.3,1
S1411,18,31.4,44.7,75.3,6.0,1
S1412,16,67.1,46.2,40.8,7.2,0
S1413,15,89.6,58.9,68.8,7.9,1
S1414,17,67.0,60.4,72.8,4.3,1
S1415,15,69.1,32.4,48.8,2.3,1
S1416,15,68.6,64.4,75.3,4.2,1
S1417,16,66.0,68.8,63.7,5.5,0
S1418,18,74.0,56.9,100.0,3.1,1
S1419,16,65.9,91.2,38.9,3.1,1
S1420,16,55.3,48.4,81.4,5.7,1
S1421,16,48.1,52.9,60.3,4.9,0
S1422,16,56.3,52.5,45.6,5.1,1
S1423,17,64.7,56.9,58.7,3.5,1
S1424,18,55.3,53.4,68.3,4.5,1
S1425,15,64.7,38.3,77.4,3.2,1
S1426,15,66.6,50.3,85.7,6.8,1
S1427,18,72.5,56.6,82.1,7.1,1
S1428,15,79.2,75.2,53.4,1.3,1
S1429,18,61.2,88.8,78.6,3.1,1
S1430,15,40.4,76.7,69.7,2.0,1
S1431,16,54.8,47.1,57.1,3.7,0
S1432,15,60.7,48.3,62.5,4.8,0
S1433,18,32.5,55.8,56.5,2.1,0
S1434,18,80.8,83.0,65.4,3.2,1
S1435,18,62.1,55.7,56.2,3.0,1
S1436,18,65.7,39.4,52.7,5.4,0
S1437,18,80.5,51.0,70.7,5.1,1
S1438,17,50.5,68.6,72.5,3.6,0
S1439,17,68.6,67.7,62.7,5.4,1
S1440,15,58.4,55.2,81.4,3.9,1
S1441,18,57.2,67.6,61.9,4.5,1
S1442,15,48.4,26.2,61.4,8.3,0
S1443,18,85.0,59.5,72.9,7.7,0
S1444,18,54.4,70.0,63.4,2.4,1
S1445,17,70.5,46.3,66.0,6.7,1
S1446,17,31.9,46.3,34.8,6.6,1
S1447,16,77.7,31.9,65.2,2.7,1
S1448,17,75.8,80.3,43.1,6.6,1
S1449,16,61.5,47.9,50.3,8.1,0
S1450,16,56.6,61.4,49.0,2.8,1
S1451,16,66.0,66.5,52.5,3.2,1
S1452,16,94.3,79.2,58.4,7.0,1
S1453,16,33.6,55.8,59.2,5.5,0
S1454,15,71.7,50.4,73.0,6.1,1
S1455,17,46.3,60.4,67.7,5.7,0
S1456,16,59.7,76.0,42.2,5.8,1
S1457,18,56.3,55.6,66.0,2.3,1
S1458,17,53.6,44.6,68.8,7.1,1
S1459,17,59.8,36.4,61.1,7.3,0
S1460,16,43.0,40.9,64.3,4.5,1
S1461,15,75.4,70.1,67.3,4.9,1
S1462,16,33.1,53.5,74.2,1.9,0
S1463,15,68.1,49.5,46.1,6.0,0
S1464,18,55.1,48.0,62.1,6.1,1
S1465,17,42.4,59.2,83.1,4.9,1
S1466,18,63.0,54.6,82.0,7.2,0
S1467,15,36.6,54.2,75.2,4.3,1
S1468,15,60.6,76.9,71.4,6.1,1
S1469,18,38.7,79.5,84.9,3.0,1
S1470,15,66.9,35.5,88.0,5.0,1
S1471,18,46.1,62.6,63.5,4.7,0
S1472,17,53.2,47.1,53.4,5.5,0
S1473,18,64.4,54.5,61.8,4.3,1
S1474,17,48.4,62.3,100.0,4.7,0
S1475,18,59.1,55.0,46.2,6.7,1
S1476,15,37.3,61.2,59.4,4.1,1
S1477,18,69.5,67.4,48.0,1.8,1
S1478,15,86.5,62.1,66.5,8.5,1
S1479,18,100.0,48.9,50.6,7.8,1
S1480,18,61.4,49.2,63.7,2.4,1
S1481,16,71.8,37.8,41.6,6.4,1
S1482,15,33.3,46.0,72.4,4.0,1
S1483,16,82.5,85.5,79.7,5.5,1
S1484,15,71.6,46.9,60.4,5.6,1
S1485,16,52.7,41.3,63.4,4.5,1
S1486,17,78.6,62.5,63.0,3.4,1
S1487,18,56.2,56.5,67.2,3.6,1
S1488,15,53.1,55.3,64.5,3.2,0
S1489,15,67.1,77.7,74.2,3.3,0
S1490,18,44.0,65.7,79.8,4.9,1
S1491,15,75.3,50.6,55.2,3.6,0
S1492,15,44.2,52.1,61.3,6.4,0
S1493,16,44.2,51.0,75.8,8.0,1
S1494,15,46.4,70.2,47.9,3.8,1
S1495,17,71.4,53.7,41.4,5.5,0
S1496,17,50.7,32.9,67.7,6.0,0
S1497,18,39.8,57.3,71.0,5.9,1
S1498,15,50.9,36.5,56.3,5.2,0
S1499,18,59.5,88.6,58.1,6.5,1
S1500,17,42.3,44.5,55.9,6.0,1
S1501,15,42.7,55.7,54.6,2.5,1
S1502,15,91.7,61.6,73.3,6.7,1
S1503,18,47.1,54.0,50.8,6.8,1
S1504,17,55.2,53.9,61.8,3.5,0
S1505,15,54.5,63.9,54.1,5.1,1
S1506,18,53.7,79.4,47.5,6.4,1
S1507,17,69.3,68.7,75.4,4.6,1
S1508,18,74.2,78.7,58.8,7.1,1
S1509,16,55.4,43.3,67.3,9.7,0
S1510,15,41.5,62.4,46.9,3.4,1
S1511,16,79.1,60.2,56.1,2.2,1
S1512,17,58.6,62.9,74.1,5.6,1
S1513,16,86.0,77.3,96.0,6.4,1
S1514,16,26.3,54.9,41.3,4.5,1
S1515,17,62.9,52.3,62.6,7.9,1
S1516,18,88.8,65.5,69.9,2.3,1
S1517,16,54.7,33.1,57.6,6.4,1
S1518,18,56.6,54.7,75.2,3.8,0
S1519,16,64.4,56.1,54.6,8.4,1
S1520,18,51.6,45.1,66.8,9.0,1
S1521,17,55.3,72.8,58.7,3.5,0
S1522,16,54.9,43.1,79.6,3.9,0
S1523,17,50.6,56.1,56.9,6.7,1
S1524,16,78.4,62.1,60.8,4.2,0
S1525,17,66.9,76.9,76.3,4.9,1
S1526,17,63.8,57.9,52.7,5.1,1
S1527,16,72.1,71.1,65.8,1.2,1
S1528,16,56.0,67.8,43.1,5.0,1
S1529,16,48.4,59.7,51.9,3.6,1
S1530,15,51.0,42.7,69.6,4.0,1
S1531,18,60.0,37.9,53.1,7.9,0
S1532,15,44.1,59.5,58.5,2.5,0
S1533,15,52.5,50.4,70.9,6.6,1
S1534,17,52.3,70.9,58.0,4.4,1
S1535,16,91.9,68.4,74.9,4.4,1
S1536,18,18.4,55.4,67.6,6.6,0
S1537,17,57.3,41.8,70.2,5.7,0
S1538,15,85.9,65.2,79.9,6.1,1
S1539,16,61.8,43.7,68.8,6.9,1
S1540,17,71.3,47.4,83.5,4.3,1
S1541,16,61.5,44.3,75.9,3.8,1
S1542,17,50.0,56.1,58.7,2.8,1
S1543,16,26.4,74.4,80.5,3.3,1
S1544,15,63.1,57.9,68.2,10.9,1
S1545,18,48.4,51.8,60.3,7.5,0
S1546,15,48.0,36.6,68.3,2.3,1
S1547,18,52.5,65.7,78.3,2.4,0
S1548,16,86.2,47.1,70.5,6.0,1
S1549,17,96.1,59.6,86.9,6.1,1
S1550,15,63.3,53.0,78.0,6.1,1
S1551,18,53.0,69.7,71.3,4.5,1
S1552,15,42.3,55.8,52.7,4.7,0
S1553,18,67.0,57.2,62.8,5.7,0
S1554,15,86.7,64.8,65.9,5.2,1
S1555,18,56.3,87.5,73.4,0.6,1
S1556,18,24.3,70.4,72.6,4.5,0
S1557,16,70.1,56.8,67.0,3.3,1
S1558,18,74.8,58.0,66.4,5.4,0
S1559,16,36.2,50.7,73.6,11.0,0
S1560,18,62.6,44.7,54.7,5.7,1
S1561,17,66.8,50.3,85.3,4.4,1
S1562,17,58.9,47.2,40.4,6.8,1
S1563,17,48.1,67.1,82.5,6.0,1
S1564,18,75.2,43.0,64.5,5.8,1
S1565,16,53.9,76.7,77.0,6.2,1
S1566,16,37.7,68.5,69.4,9.1,1
S1567,18,29.3,58.3,69.2,2.7,0
S1568,17,78.9,58.0,71.7,5.9,1
S1569,17,69.2,50.2,74.7,3.1,1
S1570,16,61.3,61.8,61.1,6.1,1
S1571,17,53.4,73.2,77.4,3.2,1
S1572,15,52.1,48.2,52.0,4.2,1
S1573,16,43.9,36.5,64.9,4.4,1
S1574,17,53.5,67.8,75.0,7.0,1
S1575,16,28.2,62.5,76.9,6.8,1
S1576,15,49.0,42.3,70.5,2.5,0
S1577,16,55.3,47.7,60.3,5.1,1
S1578,16,69.1,46.0,75.8,3.6,1
S1579,16,59.4,47.9,57.0,2.5,0
S1580,16,71.9,53.5,86.0,4.6,1
S1581,15,80.2,54.3,64.0,4.4,1
S1582,18,75.9,48.9,46.5,9.9,1
S1583,16,67.1,47.4,50.7,5.9,0
S1584,16,60.2,54.8,65.5,2.2,1
S1585,17,45.3,60.3,66.7,3.9,0
S1586,16,71.1,53.6,88.6,7.0,1
S1587,17,85.2,74.2,52.5,9.2,1
S1588,18,65.1,65.1,65.5,1.8,1
S1589,15,88.8,35.7,52.3,1.2,1
S1590,15,37.1,65.3,59.1,8.7,0
S1591,18,42.7,66.5,85.2,5.8,1
S1592,15,72.8,51.9,51.4,3.3,1
S1593,18,64.0,37.1,72.0,6.1,0
S1594,18,79.7,58.1,69.7,0.0,1
S1595,18,59.8,57.9,64.7,5.0,1
S1596,15,47.0,42.3,71.2,5.7,0
S1597,17,56.8,37.7,51.1,6.8,1
S1598,18,37.0,56.8,84.9,3.0,1
S1599,16,43.1,54.7,88.1,5.2,1
S1600,15,74.6,52.2,65.6,3.1,1
S1601,18,73.1,56.8,94.1,5.5,1
S1602,18,65.4,42.6,60.2,3.2,0
S1603,16,34.2,51.9,69.8,4.2,1
S1604,17,54.6,65.5,82.2,3.0,1
S1605,17,41.6,53.1,59.5,6.3,1
S1606,17,77.6,34.6,48.4,6.7,1
S1607,18,51.2,51.4,45.7,4.5,0
S1608,18,43.7,43.0,89.7,5.1,1
S1609,18,60.4,61.7,58.7,2.1,1
S1610,15,50.4,62.5,62.8,4.4,1
S1611,16,82.3,34.8,51.6,4.9,1
S1612,18,49.0,68.6,76.4,10.2,1
S1613,16,39.0,42.4,55.6,2.8,0
S1614,16,27.7,79.8,59.1,7.9,1
S1615,17,59.5,57.3,68.6,7.0,0
S1616,15,51.6,40.6,52.2,5.6,1
S1617,18,38.6,42.0,62.9,8.5,1
S1618,17,77.8,62.9,81.8,5.7,1
S1619,17,70.0,52.5,70.1,5.8,1
S1620,18,59.6,56.6,66.6,4.9,1
S1621,16,80.5,80.6,67.6,7.4,1
S1622,17,69.9,48.2,60.3,7.2,1
S1623,16,47.7,58.8,89.0,3.7,1
S1624,15,44.4,77.9,55.3,2.4,0
S1625,16,72.3,61.8,67.5,4.6,1
S1626,15,65.9,35.5,66.4,3.4,1
S1627,16,62.5,65.1,77.1,4.9,1
S1628,17,47.3,41.7,78.2,7.5,1
S1629,17,69.1,77.7,64.6,4.1,1
S1630,15,48.7,46.5,68.5,4.9,1
S1631,18,58.5,99.6,68.9,5.1,1
S1632,15,81.7,78.5,37.7,6.7,1
S1633,15,50.1,46.8,45.9,0.5,0
S1634,16,36.4,58.3,57.7,3.8,0
S1635,16,44.2,68.6,58.3,5.4,1
S1636,15,74.9,69.0,50.6,7.4,1
S1637,17,63.8,64.2,74.0,4.0,1
S1638,16,58.1,75.5,65.0,1.2,1
S1639,18,52.4,56.3,62.4,6.2,1
S1640,16,67.3,52.9,49.9,3.7,1
S1641,16,47.3,53.1,64.5,2.6,1
S1642,18,64.6,70.0,33.5,3.8,0
S1643,15,49.0,63.1,63.0,4.6,1
S1644,18,46.5,62.1,65.8,3.8,0
S1645,15,50.4,69.1,67.9,0.6,1
S1646,15,54.4,29.3,46.2,6.8,1
S1647,15,59.3,62.3,67.7,7.5,1
S1648,18,63.5,61.1,52.5,6.3,1
S1649,15,4.7,81.4,55.3,2.7,0
S1650,17,47.9,36.6,73.6,4.6,1
S1651,18,54.1,79.8,89.2,5.0,1
S1652,17,82.6,59.1,65.6,6.2,1
S1653,15,43.8,64.8,55.2,6.3,1
S1654,16,62.4,81.5,67.3,3.5,0
S1655,15,82.4,65.9,76.3,5.2,1
S1656,17,40.3,63.6,72.5,5.9,1
S1657,17,65.9,61.4,97.9,7.9,1
S1658,18,48.0,51.2,56.4,6.4,0
S1659,16,52.4,57.6,68.0,6.6,1
S1660,18,48.0,48.0,83.6,5.2,0
S1661,17,49.0,57.4,82.8,7.8,0
S1662,15,100.0,25.3,41.6,5.8,0
S1663,16,72.7,64.0,65.0,3.3,1
S1664,15,76.5,56.3,82.8,7.8,1
S1665,15,67.4,53.3,99.7,6.4,1
S1666,16,35.9,61.1,73.4,4.1,1
S1667,18,65.9,37.9,60.6,4.0,1
S1668,15,76.1,85.0,52.9,5.6,1
S1669,17,47.2,56.6,91.6,5.9,1
S1670,15,74.5,56.0,73.7,5.4,1
S1671,16,70.6,44.5,54.8,5.6,1
S1672,16,87.8,58.3,62.6,8.4,1
S1673,16,53.7,77.4,68.7,7.1,1
S1674,18,43.5,72.5,71.5,5.4,1
S1675,15,54.6,70.0,54.2,6.9,1
S1676,18,81.5,65.6,57.6,2.9,1
S1677,18,32.6,53.0,45.2,5.8,0
S1678,16,29.0,37.7,77.5,8.6,0
S1679,16,61.3,55.2,60.9,4.6,1
S1680,18,53.4,54.7,70.6,3.3,1
S1681,15,60.1,72.7,82.1,3.7,1
S1682,17,74.2,62.3,67.6,2.8,1
S1683,18,51.7,80.6,63.6,3.4,1
S1684,15,31.9,74.8,67.3,4.3,1
S1685,16,90.7,51.6,65.8,2.2,1
S1686,16,45.0,32.9,80.0,5.0,1
S1687,15,44.1,77.4,68.7,6.8,0
S1688,17,76.6,77.0,58.5,3.2,1
S1689,16,54.2,38.9,77.6,8.0,0
S1690,16,59.0,79.1,79.8,6.0,1
S1691,16,67.2,63.3,48.9,7.1,1
S1692,15,76.3,60.2,83.4,3.7,1
S1693,18,55.0,80.6,69.4,6.7,1
S1694,16,82.8,76.8,68.4,2.8,1
S1695,18,28.0,67.1,77.1,6.8,0
S1696,17,71.4,64.6,58.2,5.3,1
S1697,16,47.4,66.6,76.4,6.1,1
S1698,16,80.6,52.4,60.5,2.6,1
S1699,17,62.1,57.2,47.3,3.2,1
S1700,16,49.9,45.4,53.0,6.2,0
S1701,18,69.9,53.3,71.8,3.1,1
S1702,15,73.4,52.9,53.7,5.9,0
S1703,18,69.6,49.1,84.3,2.3,1
S1704,15,44.6,59.9,79.3,6.7,1
S1705,15,52.7,53.5,81.0,2.5,0
S1706,18,59.9,65.0,66.5,6.1,1
S1707,18,59.4,35.3,68.1,6.3,1
S1708,18,71.2,56.4,50.7,3.6,1
S1709,18,29.8,59.8,76.9,6.2,0
S1710,17,65.0,53.7,69.6,5.5,0
S1711,16,55.7,55.6,71.8,3.9,0
S1712,15,47.4,35.8,85.3,3.0,1
S1713,18,48.9,63.0,57.7,1.1,1
S1714,18,56.8,67.1,63.5,5.7,1
S1715,18,6.0,64.9,68.9,1.9,1
S1716,17,49.5,72.5,53.8,5.2,0
S1717,18,46.9,60.8,62.7,4.5,0
S1718,18,68.0,64.7,70.9,6.4,1
S1719,18,47.9,60.2,61.1,4.4,0
S1720,16,56.8,67.6,80.7,4.3,1
S1721,17,83.1,35.9,46.9,6.5,1
S1722,18,74.9,45.5,78.5,5.7,1
S1723,15,73.5,80.2,72.9,5.6,1
S1724,15,52.5,23.6,58.2,5.9,1
S1725,15,68.1,56.0,53.9,1.9,0
S1726,17,56.5,74.4,40.0,6.5,1
S1727,17,57.1,56.7,55.5,6.2,1
S1728,15,66.1,52.3,77.6,3.0,1
S1729,18,51.0,59.8,64.3,4.5,0
S1730,17,82.4,53.1,79.0,4.9,1
S1731,15,57.6,58.4,57.6,4.7,0
S1732,15,69.3,48.4,73.5,5.7,1
S1733,18,81.8,73.5,56.4,7.9,1
S1734,16,75.5,77.9,53.4,7.2,1
S1735,17,38.9,56.1,63.7,2.4,1
S1736,18,66.7,38.6,57.0,6.2,0
S1737,15,72.8,50.7,46.5,7.7,1
S1738,15,73.4,55.4,62.8,5.8,1
S1739,18,43.3,65.1,66.3,7.2,0
S1740,17,50.1,43.9,80.2,9.0,0
S1741,16,74.9,47.2,76.2,7.0,1
S1742,16,48.6,65.1,79.6,5.5,1
S1743,15,55.5,71.1,73.6,7.1,1
S1744,17,83.6,49.3,69.0,5.3,1
S1745,16,59.3,39.3,50.3,5.0,1
S1746,17,49.1,100.0,66.8,4.3,1
S1747,17,46.8,69.0,72.2,8.1,0
S1748,15,65.0,54.3,82.5,3.4,1
S1749,16,40.0,70.2,73.2,8.1,1
S1750,18,56.3,56.3,79.9,6.0,0
S1751,15,65.0,70.1,52.6,2.2,1
S1752,16,79.5,60.2,61.1,5.7,1
S1753,16,70.0,59.3,70.2,0.8,1
S1754,16,49.3,56.4,78.9,6.3,0
S1755,16,77.7,37.7,63.3,6.8,1
S1756,16,55.5,85.1,64.0,3.8,1
S1757,17,41.5,44.8,73.2,5.2,1
S1758,15,57.4,39.0,51.5,8.9,0
S1759,17,81.6,55.0,84.3,4.0,1
S1760,18,62.5,44.5,54.5,2.9,0
S1761,16,60.2,57.3,42.0,8.0,1
S1762,15,84.6,67.6,65.1,8.9,1
S1763,16,38.5,71.9,85.4,5.0,1
S1764,15,40.7,69.4,72.0,7.0,1
S1765,17,35.8,53.7,74.0,7.7,0
S1766,15,65.6,58.7,65.5,3.5,0
S1767,18,62.5,63.7,63.2,4.0,1
S1768,18,83.1,33.4,46.5,7.5,1
S1769,15,63.7,66.0,37.9,8.4,0
S1770,15,53.9,37.6,67.4,6.1,1
S1771,15,60.0,86.6,80.8,3.2,1
S1772,15,61.8,52.3,69.1,9.0,0
S1773,18,34.9,55.4,72.5,3.9,1
S1774,16,100.0,47.2,84.0,4.3,1
S1775,15,67.8,49.2,68.9,5.7,0
S1776,15,63.2,89.8,63.5,8.1,1
S1777,18,69.2,71.2,55.2,6.7,1
S1778,18,70.6,36.3,89.3,5.8,1
S1779,17,57.9,79.1,71.3,5.9,0
S1780,15,50.5,74.7,53.7,5.1,1
S1781,17,69.0,54.1,50.9,6.1,1
S1782,18,65.8,62.3,80.0,0.0,1
S1783,18,47.9,57.8,52.6,4.4,1
S1784,16,81.3,85.6,87.2,5.5,1
S1785,15,64.4,46.9,31.9,2.7,1
S1786,17,70.9,60.0,82.1,5.8,0
S1787,18,80.9,52.0,70.8,4.6,1
S1788,18,60.3,37.9,66.4,8.5,1
S1789,17,64.8,88.7,62.9,8.1,1
S1790,16,72.2,41.5,87.7,4.1,0
S1791,18,49.1,61.1,73.5,4.7,1
S1792,15,60.8,33.6,54.2,4.9,0
S1793,18,61.9,52.4,44.4,4.1,1
S1794,15,45.7,63.9,67.1,5.4,1
S1795,17,94.8,46.5,65.0,3.5,1
S1796,15,38.9,66.2,46.8,2.7,0
S1797,17,40.5,54.2,64.3,6.2,1
S1798,15,79.7,74.2,58.1,6.3,1
S1799,17,70.7,77.1,65.1,3.4,1
S1800,15,44.6,49.8,73.7,6.8,1
S1801,16,69.1,59.1,82.9,3.7,1
S1802,15,82.0,60.6,75.9,5.5,1
S1803,15,59.5,66.7,56.3,6.6,1
S1804,16,99.0,58.2,69.4,4.9,1
S1805,18,34.1,60.7,65.8,5.9,1
S1806,18,70.4,54.6,49.0,4.0,1
S1807,15,77.5,59.6,69.8,4.6,1
S1808,16,73.4,76.2,87.3,4.6,1
S1809,15,56.9,67.0,65.4,3.5,0
S1810,17,55.6,67.8,45.9,4.6,0
S1811,17,66.7,68.1,65.4,1.9,1
S1812,15,72.2,55.8,50.4,4.0,1
S1813,18,69.0,62.5,75.4,4.4,1
S1814,18,75.6,42.8,71.3,4.5,0
S1815,15,44.7,75.8,62.9,4.5,1
S1816,15,56.6,19.0,61.0,4.9,1
S1817,17,45.9,56.8,62.5,6.0,1
S1818,18,54.2,74.0,65.1,6.7,1
S1819,15,75.2,38.9,55.7,3.7,0
S1820,17,61.6,63.6,48.3,2.6,0
S1821,18,99.1,48.5,78.7,2.9,1
S1822,16,62.9,52.8,60.4,4.0,0
S1823,17,60.9,71.2,67.0,4.3,1
S1824,18,61.6,60.8,68.4,3.5,1
S1825,18,50.4,29.5,68.9,2.4,1
S1826,17,59.1,44.3,50.9,4.1,0
S1827,16,76.9,71.7,44.9,5.4,1
S1828,17,61.7,64.3,57.9,6.2,1
S1829,18,48.1,82.5,69.7,3.9,0
S1830,15,46.1,81.6,56.3,4.2,1
S1831,15,53.2,53.2,60.7,3.1,1
S1832,17,61.1,93.0,90.5,4.9,1
S1833,18,77.9,58.3,42.9,3.3,1
S1834,15,39.9,44.5,55.9,6.1,1
S1835,18,55.2,49.1,87.8,1.4,1
S1836,17,62.2,26.4,64.5,4.3,1
S1837,15,32.5,80.5,56.5,5.6,1
S1838,18,47.5,80.3,79.0,5.4,1
S1839,15,49.8,43.8,65.7,10.4,1
S1840,17,48.1,54.8,60.8,5.7,1
S1841,18,62.9,59.3,67.3,3.0,1
S1842,15,57.6,44.6,57.1,4.8,0
S1843,17,51.7,33.4,52.8,1.4,1
S1844,15,66.4,55.1,63.6,4.8,1
S1845,15,85.8,53.5,52.9,3.3,1
S1846,16,84.6,52.6,65.1,6.8,1
S1847,16,31.2,61.1,69.3,3.9,1
S1848,17,68.7,78.0,75.2,4.8,1
S1849,16,57.3,53.8,78.5,3.7,0
S1850,17,62.3,60.4,60.1,8.5,1
S1851,16,54.0,68.2,71.0,4.4,1
S1852,15,61.8,65.8,70.9,8.7,1
S1853,17,62.3,49.4,68.9,6.6,1
S1854,17,51.3,59.3,59.2,6.0,1
S1855,15,46.6,65.7,52.7,5.7,0
S1856,17,53.3,42.2,71.0,5.8,1
S1857,17,63.5,75.7,44.5,1.1,1
S1858,16,69.0,78.0,61.8,4.4,1
S1859,17,72.8,47.9,34.4,6.7,1
S1860,18,52.6,60.7,49.0,4.9,1
S1861,15,64.3,67.0,54.5,2.2,1
S1862,16,74.4,50.4,78.2,4.9,1
S1863,16,77.5,64.7,73.3,8.4,1
S1864,18,59.1,60.3,58.4,7.5,0
S1865,15,56.7,37.4,73.8,4.9,1
S1866,15,62.9,64.4,75.7,6.9,1
S1867,16,42.8,42.6,63.1,4.3,0
S1868,17,57.1,71.1,48.4,1.6,1
S1869,16,71.2,48.6,62.5,3.2,1
S1870,15,69.6,55.7,63.8,8.1,1
S1871,18,55.9,77.2,50.2,4.5,1
S1872,16,63.3,64.9,69.4,4.5,1
S1873,15,47.6,42.9,68.4,4.4,1
S1874,16,70.6,43.8,70.3,8.8,0
S1875,17,58.8,49.6,68.3,8.3,0
S1876,16,55.9,63.5,73.8,9.4,1
S1877,16,54.6,63.0,62.8,4.7,1
S1878,15,59.1,46.2,67.4,5.6,1
S1879,15,53.3,41.7,60.2,2.0,1
S1880,15,69.9,61.9,58.0,8.0,1
S1881,16,54.1,55.5,81.1,2.7,1
S1882,17,83.9,88.2,40.5,5.4,0
S1883,18,82.0,58.5,75.5,2.8,1
S1884,18,46.6,83.4,57.6,3.8,1
S1885,15,61.0,41.6,56.0,3.3,1
S1886,15,50.2,36.0,68.1,3.8,1
S1887,16,55.1,42.3,47.1,3.9,0
S1888,18,90.0,74.6,55.2,3.9,1
S1889,15,55.4,82.6,54.8,6.7,1
S1890,17,65.4,47.0,62.3,2.8,0
S1891,17,68.1,51.6,55.4,5.4,0
S1892,15,45.0,41.6,84.2,7.4,0
S1893,15,47.2,32.6,86.6,4.0,0
S1894,18,41.9,68.1,40.7,3.6,0
S1895,18,46.7,61.1,71.5,4.5,1
S1896,16,17.2,58.1,75.3,7.4,1
S1897,18,68.2,38.4,71.5,5.4,1
S1898,17,90.8,81.0,57.1,3.9,1
S1899,17,62.2,51.0,62.1,6.0,0
S1900,15,38.8,65.5,56.0,2.8,1
S1901,18,50.4,37.6,60.0,6.4,0
S1902,16,53.1,55.3,50.5,5.8,1
S1903,17,44.7,62.1,63.6,4.4,0
S1904,17,72.9,62.6,47.0,3.3,1
S1905,16,72.2,60.2,62.6,3.2,1
S1906,16,42.7,64.9,50.0,6.1,0
S1907,17,70.9,42.2,67.5,7.5,1
S1908,17,82.9,60.8,56.8,3.7,1
S1909,16,88.5,59.6,68.5,5.9,0
S1910,17,100.0,61.2,78.0,0.8,1
S1911,15,46.5,59.0,84.1,3.8,1
S1912,15,100.0,40.2,34.7,4.9,1
S1913,16,54.7,39.6,55.0,3.2,1
S1914,18,51.1,27.0,61.4,3.1,0
S1915,16,64.9,69.4,70.5,3.7,1
S1916,16,51.3,69.6,45.2,5.6,0
S1917,18,66.0,69.8,53.2,4.6,1
S1918,18,40.2,62.3,66.6,0.5,1
S1919,18,56.4,28.1,66.0,0.8,0
S1920,15,79.3,43.6,69.5,3.8,0
S1921,17,59.1,60.4,70.3,5.9,0
S1922,15,62.1,59.9,69.1,0.0,1
S1923,17,67.1,54.9,67.3,4.0,1
S1924,15,77.6,63.2,65.7,3.9,1
S1925,17,35.2,58.2,73.0,7.8,0
S1926,15,68.8,59.7,38.1,4.2,0
S1927,18,56.0,49.1,83.5,5.8,1
S1928,16,62.5,71.7,38.5,5.3,1
S1929,15,75.9,52.0,52.1,0.7,1
S1930,17,42.1,39.4,62.3,6.5,1
S1931,18,44.8,47.2,73.1,5.4,1
S1932,15,31.0,53.1,29.1,6.0,0
S1933,15,51.8,71.9,64.7,12.0,0
S1934,18,80.0,57.4,74.5,0.8,1
S1935,15,58.2,55.4,76.9,8.4,1
S1936,16,39.9,40.5,56.6,4.4,1
S1937,15,52.7,69.0,61.4,5.6,1
S1938,16,37.7,48.9,57.6,4.9,0
S1939,16,43.1,56.6,60.3,4.2,0
S1940,18,65.8,78.7,52.6,3.9,1
S1941,15,42.4,65.1,54.3,5.7,1
S1942,18,76.7,35.2,70.2,2.0,1
S1943,15,58.9,33.2,66.6,6.5,1
S1944,15,61.3,57.1,70.9,4.2,1
S1945,17,55.8,41.0,67.6,2.7,1
S1946,15,71.6,67.1,73.5,4.1,1
S1947,18,71.7,58.6,75.5,7.5,1
S1948,16,65.0,60.3,44.1,3.9,1
S1949,15,68.5,48.1,54.7,5.7,0
S1950,17,56.8,82.4,62.2,3.5,1
S1951,18,68.1,97.8,64.7,6.5,1
S1952,15,54.9,54.1,57.0,6.4,1
S1953,18,60.0,62.9,75.9,8.7,1
S1954,17,55.9,59.4,88.8,4.6,1
S1955,17,53.1,54.4,67.2,6.3,0
S1956,18,49.7,46.4,66.0,5.2,0
S1957,15,67.0,42.8,75.2,7.6,1
S1958,16,79.7,42.1,42.6,3.6,0
S1959,17,77.6,63.7,65.3,6.5,1
S1960,15,41.2,50.7,76.7,4.6,1
S1961,15,79.3,21.9,57.3,4.9,0
S1962,16,55.2,64.2,50.3,5.2,1
S1963,17,69.0,57.5,62.8,5.5,1
S1964,17,46.4,76.9,64.3,4.8,1
S1965,15,62.1,63.2,54.1,5.4,1
S1966,15,64.7,37.3,90.2,8.2,1
S1967,16,37.7,26.8,59.3,7.0,0
S1968,16,69.1,47.9,51.2,6.7,0
S1969,17,80.2,49.2,63.9,4.1,1
S1970,18,57.4,71.2,75.9,3.2,1
S1971,17,80.4,57.9,65.2,6.9,1
S1972,15,57.2,73.9,70.8,6.8,1
S1973,17,72.7,39.5,54.5,7.9,1
S1974,18,26.7,71.5,82.9,3.8,1
S1975,16,96.3,68.1,71.7,4.5,1
S1976,18,82.4,29.7,77.6,1.7,1
S1977,18,55.7,76.5,69.4,4.2,1
S1978,18,30.4,59.3,74.9,7.0,1
S1979,16,64.3,63.5,54.5,4.1,0
S1980,18,38.3,45.9,59.1,6.3,0
S1981,18,66.7,75.9,81.2,4.6,0
S1982,18,66.2,41.4,83.7,5.6,0
S1983,15,45.9,69.6,51.2,2.7,1
S1984,18,76.8,69.5,68.0,5.2,1
S1985,16,72.1,44.4,59.8,0.0,1
S1986,18,74.6,85.8,56.6,4.6,1
S1987,18,60.1,61.2,68.4,1.7,1
S1988,16,38.8,67.2,78.7,7.4,1
S1989,18,74.7,36.6,70.4,6.6,1
S1990,16,55.9,87.6,61.2,5.9,1
S1991,18,39.2,40.9,71.2,8.0,0
S1992,16,80.3,72.3,60.7,3.1,1
S1993,18,91.5,44.1,69.9,8.5,1
S1994,18,59.4,49.3,81.8,6.9,0
S1995,15,92.4,69.0,40.1,4.5,1
S1996,15,61.4,72.4,74.6,7.3,1
S1997,18,54.3,40.2,46.5,2.8,1
S1998,18,50.5,73.3,79.7,3.4,0
S1999,17,84.6,72.6,57.4,3.8,1
S2000,16,48.3,44.9,50.4,3.9,0
S2001,17,71.0,80.4,73.3,2.9,1
S2002,15,51.6,37.6,69.4,7.4,1
S2003,15,53.1,49.3,53.0,4.5,0
S2004,15,75.5,64.7,50.0,5.7,1
S2005,15,54.3,46.1,62.8,3.9,1
S2006,18,53.9,61.7,50.6,1.4,1
S2007,15,77.0,61.4,52.3,5.5,1
S2008,18,84.0,55.4,66.4,1.2,1
S2009,18,69.7,69.7,53.4,4.9,1
S2010,15,50.2,54.8,70.1,2.3,1
S2011,15,52.3,61.2,82.9,9.0,1
S2012,16,61.2,74.1,63.2,6.8,1
S2013,17,64.8,69.1,66.6,5.2,1
S2014,15,45.2,69.0,89.2,7.5,1
S2015,16,70.8,41.9,50.7,3.3,1
S2016,16,61.3,65.3,79.3,6.1,1
S2017,17,34.3,45.7,77.9,5.4,0
S2018,18,46.1,40.1,75.3,5.5,0
S2019,15,52.4,57.0,80.5,7.5,0
S2020,17,58.9,45.3,68.4,6.5,0
S2021,15,88.3,69.1,58.0,5.6,1
S2022,16,63.6,69.4,78.1,1.7,1
S2023,16,47.4,31.4,78.6,3.1,1
S2024,18,63.3,46.4,78.3,4.8,1
S2025,16,54.7,37.6,65.5,5.2,0
S2026,16,64.9,51.5,56.4,2.7,1
S2027,17,68.7,64.4,67.3,9.8,1
S2028,15,78.1,54.6,76.3,8.0,1
S2029,15,59.6,49.7,77.3,6.2,1
S2030,17,84.6,76.2,59.8,5.1,1
S2031,18,73.6,25.7,68.8,4.6,1
S2032,15,49.4,75.3,49.3,3.1,1
S2033,16,93.1,50.4,76.8,5.2,1
S2034,15,64.9,56.9,55.6,5.5,1
S2035,16,47.5,50.6,74.4,2.5,0
S2036,18,84.8,79.6,51.2,5.7,1
S2037,17,91.2,40.8,77.4,4.7,1
S2038,15,59.5,58.2,68.9,1.2,1
S2039,17,52.4,65.4,55.6,3.3,1
S2040,15,57.4,35.4,73.3,4.2,0
S2041,16,70.7,45.1,57.9,8.8,1
S2042,17,79.2,55.9,74.0,6.1,1
S2043,15,68.6,45.6,61.7,2.3,1
S2044,16,61.5,46.6,44.3,6.0,0
S2045,17,82.5,53.1,53.2,1.9,1
S2046,17,55.3,67.1,59.8,7.2,0
S2047,15,75.5,53.2,81.4,4.1,1
S2048,15,55.7,73.1,75.8,4.8,1
S2049,15,66.5,44.0,84.5,7.7,1
S2050,16,58.3,40.5,84.8,2.4,1
S2051,15,59.2,85.0,58.6,2.2,1
S2052,17,54.3,48.8,62.7,3.8,1
S2053,17,80.2,39.6,60.1,7.1,1
S2054,15,49.0,33.6,56.9,2.0,0
S2055,15,48.9,73.1,42.9,0.0,1
S2056,18,91.8,53.2,64.8,4.1,1
S2057,17,74.7,54.4,49.6,6.1,1
S2058,16,24.2,55.8,64.6,7.4,0
S2059,18,51.5,72.2,90.4,4.1,1
S2060,15,32.8,55.5,58.9,4.2,1
S2061,15,45.7,90.8,67.3,7.3,0
S2062,17,12.9,59.9,75.9,1.3,0
S2063,15,57.9,72.9,68.4,4.2,1
S2064,16,42.9,69.3,68.5,5.4,1
S2065,17,60.9,57.5,60.7,5.9,0
S2066,15,35.6,49.8,62.2,4.0,0
S2067,17,61.2,62.6,53.5,5.1,1
S2068,15,53.8,65.1,75.2,0.0,0
S2069,15,82.5,50.0,44.1,3.7,1
S2070,15,81.2,60.3,76.7,5.9,1
S2071,16,71.8,75.3,48.2,3.0,1
S2072,16,55.1,87.0,76.6,5.1,1
S2073,17,89.8,70.0,60.8,5.9,1
S2074,15,36.7,84.1,50.2,4.3,0
S2075,15,38.9,49.2,72.0,5.3,0
S2076,16,58.7,67.8,76.1,3.1,1
S2077,15,93.8,76.7,59.7,4.6,1
S2078,16,57.0,45.5,73.6,6.2,1
S2079,15,57.3,51.2,37.6,5.3,0
S2080,17,38.4,82.3,49.2,3.8,1
S2081,15,74.2,44.3,80.5,5.4,0
S2082,15,74.3,39.2,62.3,6.4,1
S2083,18,71.8,79.4,42.7,0.9,1
S2084,16,50.6,74.8,56.6,7.3,1
S2085,15,49.4,64.0,53.9,4.3,0
S2086,15,40.6,57.4,63.0,5.9,1
S2087,18,61.3,51.9,60.6,7.4,1
S2088,18,43.8,61.9,67.1,2.3,1
S2089,16,42.3,80.1,64.2,3.6,1
S2090,18,53.6,61.3,81.3,4.4,1
S2091,17,52.7,88.3,70.1,3.4,0
S2092,18,51.9,45.4,70.5,8.5,1
S2093,17,67.0,57.7,79.0,3.3,1
S2094,16,61.2,52.8,60.3,3.9,1
S2095,16,55.7,42.8,49.9,5.4,1
S2096,16,62.7,55.9,79.5,2.6,1
S2097,16,45.1,63.8,66.6,4.2,0
S2098,16,61.6,65.3,66.7,5.6,0
S2099,17,62.3,88.4,57.4,4.3,1
S2100,17,37.5,64.5,57.6,4.8,1
S2101,16,74.9,74.1,75.2,3.9,1
S2102,18,46.8,58.9,76.8,2.0,1
S2103,15,61.4,81.5,74.4,5.6,0
S2104,16,77.5,91.6,74.5,8.5,1
S2105,18,73.9,65.4,71.8,5.0,1
S2106,15,60.5,44.1,66.6,5.5,0
S2107,16,54.6,50.3,62.9,6.4,0
S2108,16,74.2,61.9,79.5,2.5,1
S2109,17,70.1,64.4,60.5,8.4,0
S2110,15,50.7,67.8,69.4,5.4,1
S2111,15,48.1,64.4,55.4,8.3,0
S2112,18,28.9,58.1,57.1,3.5,1
S2113,17,62.3,49.1,62.2,8.6,1
S2114,17,58.8,63.6,55.4,6.6,1
S2115,17,77.0,84.0,74.6,6.1,1
S2116,17,65.4,72.3,48.8,5.5,1
S2117,15,80.0,65.5,66.2,4.5,1
S2118,15,49.5,72.4,66.6,7.4,1
S2119,16,77.1,52.8,43.3,5.3,1
S2120,16,52.1,50.9,59.7,1.1,1
S2121,17,71.7,47.5,68.1,2.8,1
S2122,17,38.1,56.2,70.1,4.6,0
S2123,17,63.5,52.1,62.5,5.6,0
S2124,16,30.2,74.9,73.1,4.9,1
S2125,18,56.0,51.3,63.7,7.4,1
S2126,18,66.6,46.8,65.2,1.1,1
S2127,16,52.2,85.2,68.0,5.3,1
S2128,16,44.2,51.7,76.1,1.4,1
S2129,16,72.7,60.1,56.9,6.5,1
S2130,16,58.4,64.3,59.2,4.8,1
S2131,16,52.7,42.1,57.0,5.8,1
S2132,16,60.6,75.3,61.0,3.3,1
S2133,17,99.6,66.9,82.1,7.6,1
S2134,17,77.3,79.8,71.9,7.1,1
S2135,17,77.4,48.5,51.4,6.2,0
S2136,17,66.5,59.4,57.8,4.7,1
S2137,16,62.5,58.6,69.5,6.2,1
S2138,18,24.1,61.7,54.1,3.6,0
S2139,15,49.8,37.6,56.3,6.7,0
S2140,16,52.8,59.6,81.1,8.3,1
S2141,15,31.9,38.0,57.6,7.1,0
S2142,18,42.6,63.0,76.5,3.5,1
S2143,17,30.3,28.2,80.1,5.7,1
S2144,18,59.4,32.1,56.2,2.4,1
S2145,16,72.3,69.5,54.3,6.1,1
S2146,17,76.6,50.3,61.7,5.9,1
S2147,16,66.2,44.2,51.9,1.3,1
S2148,17,45.5,75.8,66.5,2.7,1
S2149,15,31.0,62.6,62.5,4.4,1
S2150,15,33.6,70.2,69.3,4.4,1
S2151,15,41.0,55.7,81.8,2.6,1
S2152,18,46.7,95.5,74.8,5.8,1
S2153,16,57.6,49.5,70.9,5.5,1
S2154,18,44.8,82.4,41.4,4.6,1
S2155,15,65.1,57.1,70.3,3.5,0
S2156,16,56.5,34.8,85.7,7.1,1
S2157,15,60.2,64.8,28.9,8.3,1
S2158,18,77.1,62.4,73.3,4.0,1
S2159,18,42.3,43.3,63.1,3.8,1
S2160,18,66.3,45.1,54.8,6.0,0
S2161,15,59.8,57.7,74.6,4.3,1
S2162,16,55.0,62.9,85.5,4.7,1
S2163,16,73.3,23.4,74.3,6.5,1
S2164,15,73.2,72.7,60.5,1.2,1
S2165,16,45.8,51.1,53.7,7.6,0
S2166,15,57.3,39.4,66.7,5.1,0
S2167,16,64.2,71.2,75.5,4.2,1
S2168,17,55.9,57.7,60.4,4.8,1
S2169,17,68.8,75.0,61.5,4.9,1
S2170,18,64.2,64.1,98.9,1.5,1
S2171,17,87.5,58.0,77.9,8.0,1
S2172,17,37.0,55.9,78.8,5.1,1
S2173,17,58.2,64.8,47.5,5.9,1
S2174,15,46.4,52.2,56.5,6.9,1
S2175,17,69.1,46.1,65.9,3.0,1
S2176,17,35.7,66.5,53.0,5.9,1
S2177,18,65.2,56.0,84.2,4.5,1
S2178,17,50.5,58.5,81.9,6.7,1
S2179,17,49.0,73.3,58.6,0.7,0
S2180,16,38.3,56.4,86.4,4.8,1
S2181,18,53.0,58.2,64.9,3.8,0
S2182,18,76.3,49.6,96.1,5.9,1
S2183,18,59.6,64.0,66.7,5.9,1
S2184,18,69.4,62.9,71.9,3.6,1
S2185,18,85.0,70.6,81.8,3.6,1
S2186,18,64.0,49.9,80.3,4.8,1
S2187,15,51.6,51.6,71.1,3.2,1
S2188,17,67.0,69.1,63.3,6.7,1
S2189,18,51.8,61.5,71.2,4.3,1
S2190,17,52.4,45.3,55.2,0.0,0
S2191,17,37.2,76.3,66.8,4.3,0
S2192,15,73.9,34.2,51.7,2.9,1
S2193,18,54.2,69.0,43.6,1.7,1
S2194,16,62.7,40.3,65.6,2.5,0
S2195,15,44.5,84.4,80.1,5.2,1
S2196,16,66.5,36.4,76.1,7.7,1
S2197,17,48.6,74.1,64.0,5.6,1
S2198,17,57.9,56.9,86.0,3.8,0
S2199,15,73.2,52.9,58.2,5.9,1
S2200,15,71.9,60.6,42.0,4.1,1
S2201,16,59.7,66.8,38.8,3.6,1
S2202,18,33.5,45.3,50.8,2.7,0
S2203,16,100.0,46.6,74.8,1.5,1
S2204,15,86.2,67.1,57.4,4.2,1
S2205,16,70.8,34.1,70.5,5.3,0
S2206,15,48.7,49.8,84.8,4.8,1
S2207,16,58.3,100.0,51.8,4.2,1
S2208,15,51.8,44.4,70.7,3.1,0
S2209,15,79.0,74.1,71.5,6.2,1
S2210,15,63.9,49.8,54.7,2.4,1
S2211,18,48.2,65.1,81.3,6.6,1
S2212,16,52.9,67.2,61.5,3.0,0
S2213,16,76.8,73.8,60.4,3.5,1
S2214,16,84.0,55.2,90.3,2.1,1
S2215,15,82.9,85.8,71.3,4.0,1
S2216,16,71.4,49.7,76.1,7.0,0
S2217,16,56.2,61.3,81.3,6.0,1
S2218,15,11.4,61.4,57.2,7.0,0
S2219,17,64.5,42.3,80.0,6.0,0
S2220,15,60.0,54.0,59.0,2.8,1
S2221,16,62.1,60.3,58.5,4.3,1
S2222,15,60.8,52.0,61.7,3.4,1
S2223,17,40.1,92.2,57.5,7.7,1
S2224,15,68.4,46.3,74.9,2.6,1
S2225,16,69.5,74.5,68.2,6.8,1
S2226,17,70.2,70.0,59.1,6.8,1
S2227,18,74.2,57.8,73.1,8.7,1
S2228,16,69.1,45.9,61.7,4.2,0
S2229,17,53.8,47.2,61.1,6.4,1
S2230,17,58.9,50.7,65.6,9.6,1
S2231,18,61.4,33.0,70.6,3.8,0
S2232,15,61.6,44.0,69.7,1.9,0
S2233,15,75.0,37.2,60.6,1.2,1
S2234,16,69.7,76.8,75.2,6.4,1
S2235,18,91.2,66.7,62.3,1.2,0
S2236,15,93.1,69.0,57.1,4.3,1
S2237,18,61.2,66.2,47.4,5.9,0
S2238,15,2.5,60.3,76.8,5.4,1
S2239,17,78.6,78.4,65.1,5.9,1
S2240,15,51.9,49.4,67.5,5.4,1
S2241,18,48.0,59.5,77.5,7.6,1
S2242,17,54.0,68.5,59.3,3.1,0
S2243,17,53.3,39.5,48.5,3.6,0
S2244,17,69.2,100.0,65.8,3.5,0
S2245,18,36.6,58.4,68.7,6.7,0
S2246,16,43.8,60.0,61.8,6.8,0
S2247,16,65.1,75.6,82.7,5.9,1
S2248,16,69.3,70.8,35.2,7.4,0
S2249,18,69.6,58.5,78.4,2.6,1
S2250,17,48.2,59.8,74.5,8.3,1
S2251,16,45.3,36.9,70.5,8.0,0
S2252,18,52.4,50.2,25.0,6.5,0
S2253,16,63.6,65.2,80.4,8.6,1
S2254,15,82.3,64.2,52.7,1.7,1
S2255,16,29.3,75.1,58.9,4.0,1
S2256,16,56.7,56.3,63.0,3.5,1
S2257,17,40.0,38.6,69.9,6.4,0
S2258,18,35.2,72.8,72.7,2.9,1
S2259,17,74.5,78.1,75.7,6.5,0
S2260,17,68.2,70.6,74.8,7.7,1
S2261,17,66.7,55.7,68.0,6.4,1
S2262,17,73.8,72.6,70.0,5.6,1
S2263,17,52.8,100.0,51.9,3.0,1
S2264,16,53.5,59.6,56.0,3.3,1
S2265,17,92.8,39.6,75.7,7.5,1
S2266,17,56.3,49.8,75.0,6.6,1
S2267,18,71.0,66.8,73.7,4.9,1
S2268,15,60.1,35.5,58.8,4.2,1
S2269,16,32.3,60.4,75.9,0.9,0
S2270,16,29.3,63.3,51.1,2.9,1
S2271,16,51.3,79.5,77.9,8.8,1
S2272,17,75.8,76.3,61.9,2.4,0
S2273,17,71.8,70.1,85.2,5.4,1
S2274,17,73.7,27.7,46.7,7.0,0
S2275,18,45.2,70.9,86.2,2.5,1
S2276,15,84.2,67.9,60.7,5.4,1
S2277,17,45.5,61.6,60.4,6.9,1
S2278,15,63.2,33.8,67.3,5.0,1
S2279,18,59.8,47.1,56.6,10.7,0
S2280,16,57.4,41.7,64.1,1.7,1
S2281,17,80.1,29.8,56.1,7.1,0
S2282,15,49.4,58.0,56.6,4.7,1
S2283,15,39.8,46.8,70.8,6.5,1
S2284,17,60.3,94.8,54.2,5.9,1
S2285,16,54.0,55.6,55.8,3.5,0
S2286,16,100.0,76.1,48.5,5.5,1
S2287,16,70.1,36.0,59.0,1.3,1
S2288,18,53.9,50.6,80.7,6.2,1
S2289,15,44.2,59.4,54.8,5.6,1
S2290,15,31.8,45.3,56.2,6.3,0
S2291,15,44.6,52.1,67.3,7.1,1
S2292,18,61.7,54.9,60.6,5.7,1
S2293,15,81.4,54.7,91.7,5.3,1
S2294,18,76.8,84.0,63.0,3.2,1
S2295,16,63.4,63.3,69.0,3.6,1
S2296,17,55.2,64.7,76.3,7.4,1
S2297,15,64.0,65.6,76.1,7.9,1
S2298,15,52.2,66.6,67.8,4.5,1
S2299,16,85.8,56.8,63.1,5.1,1
S2300,17,57.2,53.5,89.3,3.2,1
S2301,18,58.7,60.3,63.8,7.3,1
S2302,17,26.8,74.2,59.7,6.3,0
S2303,16,57.1,73.8,57.2,8.9,1
S2304,16,72.5,54.6,44.3,3.2,1
S2305,17,44.0,68.7,74.9,4.2,0
S2306,18,48.7,55.3,36.8,5.5,1
S2307,18,71.9,58.5,64.9,6.3,1
S2308,15,37.9,51.4,62.5,4.6,0
S2309,18,75.9,55.5,91.9,3.3,1
S2310,17,52.0,76.8,43.0,6.8,1
S2311,16,54.2,59.3,54.2,6.4,0
S2312,15,43.1,59.9,63.4,3.2,0
S2313,15,65.7,37.7,62.6,7.7,0
S2314,16,96.9,53.7,58.4,7.3,1
S2315,18,71.7,54.6,64.0,5.3,1
S2316,16,47.0,46.4,49.9,5.2,1
S2317,18,77.0,58.3,69.3,6.1,1
S2318,16,55.2,52.0,37.1,3.3,1
S2319,17,80.6,59.1,64.7,5.1,1
S2320,18,72.1,59.7,57.8,0.7,1
S2321,17,15.9,44.6,77.2,6.8,1
S2322,15,44.9,52.4,86.1,1.9,1
S2323,16,74.2,59.1,61.0,8.0,0
S2324,15,62.3,74.6,81.7,4.3,1
S2325,15,44.6,61.6,61.2,4.6,0
S2326,15,50.5,48.7,53.4,3.7,1
S2327,15,31.4,63.6,86.0,4.4,1
S2328,16,58.7,81.9,71.2,7.8,1
S2329,15,93.2,70.8,65.1,0.0,1
S2330,16,72.1,65.7,73.2,7.6,1
S2331,16,92.9,68.2,68.3,5.7,1
S2332,17,73.2,78.2,64.2,2.6,1
S2333,18,75.4,73.1,49.1,2.8,1
S2334,18,89.6,65.9,61.8,8.4,1
S2335,16,65.7,73.0,72.5,3.1,1
S2336,17,57.2,42.9,63.5,2.7,1
S2337,16,75.5,37.0,75.8,7.3,1
S2338,16,81.8,60.2,69.6,5.7,1
S2339,16,52.8,59.0,54.5,3.1,0
S2340,17,49.2,50.4,49.2,5.4,1
S2341,18,62.1,69.6,63.1,2.9,1
S2342,17,72.5,31.9,58.7,7.2,1
S2343,15,72.0,50.5,69.0,7.1,1
S2344,17,38.6,51.2,56.4,6.1,0
S2345,17,88.7,35.1,57.6,5.7,0
S2346,17,50.4,78.9,77.6,8.5,1
S2347,17,56.0,39.0,66.8,5.0,1
S2348,18,46.5,49.8,56.6,2.6,1
S2349,15,100.0,70.7,65.2,5.9,1
S2350,18,63.6,67.0,81.5,9.2,1
S2351,18,47.2,42.5,68.5,3.0,1
S2352,17,73.0,67.6,72.1,4.3,1
S2353,16,71.5,62.1,56.0,5.8,1
S2354,16,57.2,90.7,77.3,4.9,1
S2355,18,72.6,63.7,92.8,3.0,1
S2356,18,47.6,56.0,55.5,7.2,1
S2357,17,52.6,46.0,50.8,9.6,0
S2358,18,29.8,47.6,67.1,5.4,0
S2359,17,40.1,46.4,75.5,3.2,1
S2360,16,87.1,77.2,63.9,1.9,1
S2361,16,84.6,58.3,52.4,5.5,1
S2362,15,61.0,65.9,63.7,7.2,1
S2363,16,84.9,79.2,72.2,6.0,1
S2364,18,57.6,25.0,60.1,5.0,1
S2365,16,56.3,75.9,72.3,3.8,1
S2366,17,60.8,58.8,79.0,2.8,0
S2367,16,58.1,64.1,67.9,6.7,0
S2368,15,56.8,46.4,64.7,6.8,1
S2369,16,77.2,47.4,75.0,1.9,1
S2370,17,62.3,64.8,54.7,8.2,1
S2371,17,70.7,91.4,53.5,6.1,1
S2372,18,75.5,72.0,61.8,7.8,0
S2373,16,65.8,75.7,59.1,2.3,1
S2374,17,45.4,55.3,55.4,2.3,1
S2375,15,39.7,49.6,87.0,4.7,1
S2376,18,62.2,47.1,91.1,6.0,1
S2377,15,57.4,51.2,60.8,8.6,1
S2378,16,61.3,29.3,66.1,6.4,0
S2379,16,59.8,47.9,62.7,4.5,1
S2380,16,98.8,50.2,78.3,2.9,1
S2381,18,40.0,55.5,80.7,7.5,0
S2382,17,30.2,59.8,43.7,3.1,0
S2383,18,65.0,63.1,70.7,8.3,1
S2384,15,54.4,57.8,49.3,4.4,1
S2385,18,64.7,49.9,86.1,8.2,1
S2386,15,68.8,30.5,70.3,6.4,1
S2387,18,79.3,49.9,55.1,4.7,0
S2388,17,37.4,44.4,62.1,4.0,1
S2389,15,51.6,64.5,61.5,4.3,1
S2390,16,66.4,70.7,71.3,5.9,1
S2391,16,71.6,71.1,77.5,5.2,1
S2392,18,92.9,68.6,51.2,3.8,1
S2393,16,74.3,56.1,87.1,4.7,1
S2394,15,59.1,50.7,84.3,5.2,0
S2395,16,46.6,47.5,54.5,0.7,1
S2396,17,51.5,36.9,65.9,5.9,1
S2397,17,51.1,71.9,85.5,3.0,1
S2398,18,69.8,55.6,79.8,2.7,1
S2399,15,63.9,40.6,61.0,1.6,1
S2400,17,40.1,46.4,74.8,1.4,1
S2401,17,53.5,45.9,100.0,2.3,1
S2402,15,73.2,58.6,66.3,3.6,1
S2403,16,65.3,72.9,57.4,8.9,1
S2404,16,68.5,53.1,67.1,3.9,0
S2405,18,65.7,26.5,68.0,5.4,0
S2406,16,84.4,55.4,58.7,5.8,1
S2407,15,63.5,55.8,70.3,5.3,1
S2408,17,54.2,54.9,49.9,4.8,1
S2409,16,46.3,49.2,57.0,2.6,1
S2410,18,63.7,61.0,74.1,7.9,1
S2411,16,23.4,58.9,43.9,8.6,1
S2412,15,57.2,57.7,75.8,1.6,1
S2413,18,56.9,63.8,40.9,3.0,1
S2414,16,39.5,52.0,44.2,4.4,1
S2415,18,46.1,51.2,59.0,3.1,1
S2416,15,72.1,77.3,68.4,6.0,1
S2417,17,63.5,65.8,80.9,3.5,1
S2418,15,61.5,69.6,65.7,9.3,1
S2419,15,64.6,75.2,62.0,7.4,1
S2420,15,61.4,65.4,72.0,5.4,0
S2421,15,78.6,71.0,54.5,7.1,1
S2422,17,61.9,35.9,66.7,7.2,1
S2423,17,38.1,60.9,50.6,3.9,0
S2424,18,84.5,55.4,66.0,3.4,1
S2425,16,65.6,81.5,63.4,5.2,1
S2426,17,51.2,71.0,55.3,6.7,1
S2427,17,41.2,49.2,67.0,5.3,1
S2428,16,65.9,63.2,66.9,1.8,1
S2429,17,58.2,60.3,79.1,3.4,1
S2430,15,83.6,64.4,45.7,4.9,1
S2431,15,54.8,43.7,64.1,4.8,1
S2432,16,47.4,63.0,55.9,8.9,0
S2433,18,73.4,54.8,75.4,2.2,1
S2434,18,73.9,62.0,74.0,6.0,1
S2435,16,62.5,47.9,71.1,8.0,0
S2436,16,70.1,49.8,56.6,9.5,1
S2437,15,59.4,74.4,75.6,4.2,1
S2438,18,63.5,43.3,46.6,6.0,1
S2439,17,77.5,44.3,44.2,6.1,1
S2440,15,69.4,57.3,49.7,5.4,0
S2441,16,57.5,47.2,64.6,4.8,1
S2442,18,80.3,45.6,73.1,5.9,1
S2443,17,24.5,59.5,29.3,0.0,0
S2444,17,90.8,36.9,80.9,6.4,1
S2445,15,34.4,43.9,66.6,5.3,1
S2446,18,50.6,86.8,46.2,4.6,1
S2447,18,59.4,64.4,66.2,9.1,1
S2448,16,57.8,47.5,78.1,3.7,1
S2449,18,75.1,63.9,72.2,4.2,1
S2450,18,44.1,65.9,78.2,9.0,0
S2451,15,63.9,71.9,48.6,3.3,1
S2452,18,51.3,56.2,60.0,3.9,1
S2453,17,64.4,71.7,53.9,4.7,0
S2454,15,59.0,29.5,85.6,6.7,1
S2455,15,61.4,43.2,72.7,5.4,1
S2456,16,51.8,60.3,99.2,2.4,1
S2457,18,52.3,62.6,59.4,3.9,1
S2458,16,64.3,45.2,56.3,3.8,1
S2459,17,74.2,61.6,63.3,4.8,1
S2460,15,51.0,49.3,81.5,5.9,1
S2461,15,47.0,54.1,60.6,5.8,0
S2462,15,69.2,72.3,66.5,1.4,1
S2463,17,59.5,70.7,66.2,7.1,1
S2464,17,72.5,44.0,65.5,5.5,1
S2465,16,46.4,43.2,57.2,7.8,0
S2466,16,33.3,52.2,63.4,5.9,0
S2467,16,52.0,57.6,62.8,7.2,0
S2468,18,48.5,48.8,64.9,5.9,1
S2469,15,58.8,72.6,76.3,7.7,1
S2470,15,50.4,62.9,86.1,6.0,1
S2471,16,71.1,63.7,54.9,4.8,1
S2472,15,55.7,40.3,60.3,9.5,1
S2473,16,62.3,74.3,55.1,6.8,1
S2474,18,62.4,18.5,67.2,6.1,1
S2475,18,62.9,69.7,58.5,2.4,0
S2476,17,59.6,71.1,67.9,2.4,1
S2477,18,67.7,51.9,78.2,5.6,1
S2478,16,48.1,75.8,34.7,5.3,1
S2479,18,81.0,57.1,70.9,3.8,1
S2480,17,56.5,58.9,59.5,5.3,1
S2481,15,40.3,62.8,70.5,8.2,0
S2482,16,62.8,100.0,54.2,6.4,0
S2483,15,47.2,76.8,79.4,2.7,1
S2484,17,70.0,67.8,76.0,4.8,1
S2485,17,93.1,45.2,71.8,3.4,1
S2486,17,48.2,60.0,74.5,4.2,1
S2487,15,65.0,46.6,56.1,4.2,1
S2488,15,33.7,69.5,57.6,4.0,1
S2489,15,66.8,60.0,74.0,2.5,1
S2490,15,46.7,42.3,55.8,4.7,1
S2491,17,50.6,59.1,82.3,3.9,0
S2492,17,43.5,46.1,61.1,0.0,0
S2493,16,71.0,60.1,71.0,9.1,1
S2494,16,75.1,46.0,90.2,7.2,0
S2495,15,60.4,58.4,56.5,4.2,0
S2496,18,47.0,68.5,65.8,5.0,1
S2497,18,83.8,57.3,77.7,2.7,1
S2498,17,48.7,52.5,76.4,8.4,1
S2499,17,27.6,60.8,61.1,8.8,0
S2500,17,66.9,67.8,58.8,5.3,1
S2501,16,43.4,42.5,62.2,7.0,0
S2502,16,74.8,61.6,82.4,5.4,1
S2503,17,54.3,76.4,61.7,2.3,1
S2504,17,69.1,66.0,65.9,4.2,1
S2505,17,81.0,58.8,59.9,5.3,1
S2506,18,41.9,67.0,73.5,4.1,1
S2507,16,51.5,64.3,66.9,4.6,1
S2508,18,58.9,68.6,53.0,4.8,1
S2509,18,83.1,29.7,53.4,4.8,1
S2510,17,50.1,36.3,41.0,5.1,0
S2511,17,51.1,72.1,55.0,2.9,1
S2512,15,67.2,36.9,74.5,3.6,1
S2513,15,51.3,63.6,80.9,2.4,1
S2514,18,62.3,53.1,73.2,7.0,0
S2515,16,36.7,44.1,71.7,0.8,0
S2516,17,93.2,62.9,63.5,7.3,1
S2517,17,39.8,60.8,74.3,7.8,1
S2518,18,55.2,87.5,68.4,4.4,1
S2519,15,59.5,49.3,86.7,0.0,0
S2520,16,88.7,78.2,63.8,4.3,1
S2521,15,40.1,62.9,81.1,4.9,1
S2522,15,89.8,48.7,75.5,3.0,1
S2523,15,71.4,69.2,73.8,4.0,1
S2524,15,66.3,65.9,40.9,8.1,1
S2525,17,45.2,58.5,76.2,6.3,0
S2526,17,68.6,61.7,63.5,3.2,1
S2527,15,49.1,49.6,59.7,1.8,1
S2528,16,79.0,46.4,47.2,4.3,1
S2529,18,45.4,68.6,64.9,4.6,0
S2530,16,58.3,54.9,65.4,6.0,1
S2531,16,51.7,56.9,49.4,3.9,1
S2532,16,45.2,61.9,47.3,6.0,0
S2533,15,71.1,61.7,70.8,8.9,0
S2534,17,68.0,38.0,75.5,6.6,1
S2535,16,78.1,76.0,67.3,4.9,1
S2536,15,33.3,59.7,78.8,4.6,1
S2537,16,76.0,55.2,64.0,4.3,0
S2538,16,97.6,64.0,64.3,7.4,1
S2539,15,53.2,61.3,54.0,3.7,1
S2540,17,88.4,68.7,46.3,5.1,1
S2541,17,56.1,65.5,87.3,5.1,1
S2542,18,39.4,68.0,78.6,4.0,1
S2543,15,55.4,76.9,48.3,2.3,0
S2544,18,75.7,70.4,66.9,5.6,1
S2545,18,47.4,55.8,63.8,4.9,0
S2546,18,51.0,42.3,61.7,6.0,1
S2547,17,68.9,81.3,60.1,3.9,0
S2548,15,60.0,54.7,69.6,7.4,1
S2549,18,68.8,51.4,74.8,3.2,1
S2550,15,63.6,33.7,69.8,8.4,0
S2551,15,67.2,62.7,63.6,1.5,1
S2552,17,53.5,60.1,63.1,5.9,1
S2553,18,63.5,36.8,76.2,6.0,1
S2554,18,46.1,64.3,70.6,3.4,1
S2555,15,79.3,51.0,65.9,5.8,1
S2556,16,50.5,95.7,64.6,7.6,1
S2557,17,76.9,50.0,69.1,0.6,1
S2558,17,56.5,51.9,59.4,6.0,0
S2559,17,63.0,45.8,74.9,0.0,0
S2560,17,52.6,75.9,52.1,3.1,1
S2561,18,44.8,52.8,60.1,8.3,1
S2562,18,33.8,47.9,72.3,3.8,1
S2563,16,44.2,67.9,51.4,2.7,1
S2564,17,55.1,38.7,46.1,4.6,1
S2565,17,63.2,66.8,65.8,9.1,1
S2566,15,75.2,82.9,44.6,1.3,1
S2567,18,53.3,65.9,49.4,2.9,1
S2568,17,46.8,66.9,74.1,8.0,1
S2569,16,38.4,70.2,62.5,8.7,0
S2570,16,67.2,81.9,80.4,4.8,1
S2571,18,80.7,74.9,50.5,2.5,1
S2572,16,79.0,64.2,63.9,9.2,1
S2573,16,70.6,70.7,69.8,8.2,1
S2574,18,69.6,45.6,51.0,6.4,1
S2575,17,85.5,68.9,77.4,3.4,1
S2576,17,65.0,43.9,71.1,4.9,1
S2577,16,69.7,52.9,45.7,4.7,1
S2578,16,55.2,14.8,64.5,5.7,1
S2579,17,39.6,63.6,69.6,7.9,0
S2580,18,49.7,49.0,57.9,6.8,0
S2581,16,59.9,73.6,47.2,2.8,1
S2582,15,60.9,63.5,68.3,7.8,1
S2583,18,88.9,73.7,91.5,5.6,1
S2584,16,61.2,42.8,60.4,6.4,1
S2585,16,77.7,72.5,83.8,7.9,1
S2586,15,53.5,87.5,56.0,2.8,1
S2587,15,55.3,68.7,67.6,4.9,0
S2588,17,40.1,69.1,74.3,3.9,0
S2589,18,48.9,60.4,64.9,1.9,1
S2590,18,67.9,50.7,61.4,5.7,1
S2591,17,60.1,68.7,73.7,10.0,1
S2592,18,74.1,36.9,87.7,1.3,1
S2593,18,62.7,52.2,68.6,4.9,1
S2594,18,54.7,33.2,58.8,6.3,0
S2595,18,92.2,48.1,62.7,5.2,1
S2596,18,58.6,67.0,95.2,4.8,1
S2597,15,77.4,65.1,66.6,2.4,1
S2598,18,54.0,58.7,57.9,5.5,0
S2599,15,70.6,60.4,51.3,3.5,0
S2600,18,73.9,31.6,43.1,0.6,0
S2601,17,63.1,52.8,69.4,7.4,1
S2602,16,24.7,48.5,72.9,6.9,0
S2603,15,60.3,48.8,60.2,5.1,0
S2604,18,78.5,66.4,64.8,5.5,1
S2605,17,67.9,46.0,51.0,7.1,1
S2606,16,66.7,49.5,66.6,5.4,1
S2607,15,34.2,28.8,70.8,6.8,0
S2608,16,49.2,53.9,58.6,4.4,1
S2609,17,66.2,42.8,85.3,7.6,1
S2610,15,66.2,59.1,55.0,5.6,1
S2611,16,78.2,44.7,68.4,5.4,1
S2612,18,57.8,59.5,75.2,2.5,1
S2613,15,66.1,56.0,64.1,5.6,1
S2614,16,60.2,81.4,62.7,3.3,1
S2615,17,45.2,65.0,47.9,3.7,0
S2616,17,26.2,32.2,81.3,3.4,0
S2617,15,66.5,40.3,63.0,2.9,1
S2618,16,62.6,58.8,71.4,9.2,1
S2619,15,50.7,45.0,73.1,7.7,0
S2620,15,35.7,16.4,57.5,8.8,0
S2621,16,69.4,76.9,62.6,2.6,1
S2622,16,56.0,68.1,81.0,5.1,1
S2623,18,68.4,65.3,51.6,2.4,1
S2624,16,88.0,49.5,90.5,3.6,1
S2625,17,27.9,64.0,56.1,3.2,0
S2626,15,49.5,48.1,50.8,7.5,0
S2627,15,56.9,60.9,66.6,4.2,1
S2628,17,81.8,45.1,91.5,7.1,1
S2629,16,35.5,79.2,42.1,6.2,1
S2630,17,89.0,36.0,63.3,9.6,0
S2631,17,62.0,75.3,70.7,2.0,1
S2632,18,58.6,58.5,65.4,7.5,1
S2633,17,57.0,51.1,69.6,7.3,1
S2634,15,53.5,60.3,56.4,3.1,0
S2635,17,75.7,68.3,57.8,7.0,1
S2636,15,44.0,77.1,63.2,5.7,1
S2637,15,65.2,62.4,51.4,4.5,1
S2638,15,54.2,45.5,64.5,3.4,0
S2639,16,48.6,58.8,60.3,3.6,1
S2640,18,98.8,83.4,59.4,9.1,0
S2641,15,66.3,76.9,68.8,5.0,1
S2642,15,69.2,70.7,43.2,6.6,1
S2643,16,77.1,69.1,62.3,3.4,1
S2644,15,38.7,67.8,92.8,3.4,1
S2645,17,86.3,74.2,52.0,7.2,1
S2646,17,22.4,51.6,80.4,2.3,1
S2647,18,48.5,39.0,65.7,4.2,0
S2648,15,53.1,59.0,57.8,5.1,0
S2649,16,68.7,46.6,49.2,5.2,1
S2650,17,63.3,43.2,66.7,4.6,0
S2651,16,57.5,47.9,82.4,5.8,1
S2652,16,59.8,92.8,60.3,6.4,1
S2653,17,45.3,59.9,64.0,6.5,1
S2654,16,37.5,63.1,77.1,3.0,0
S2655,17,70.9,40.9,69.1,4.4,1
S2656,16,70.4,32.2,46.1,7.4,1
S2657,17,83.8,46.5,66.2,6.8,1
S2658,15,48.1,78.1,83.1,2.3,1
S2659,18,70.4,62.7,64.6,5.7,1
S2660,17,55.7,66.4,32.1,1.0,1
S2661,17,77.9,68.3,69.7,5.1,1
S2662,18,75.3,49.7,62.6,8.8,1
S2663,17,63.2,77.4,43.1,3.1,1
S2664,17,54.9,49.1,44.8,3.3,1
S2665,16,74.4,77.7,76.7,6.5,0
S2666,18,69.7,64.2,56.2,1.9,1
S2667,15,49.7,33.0,54.1,3.7,0
S2668,17,40.1,47.5,64.6,6.2,0
S2669,18,55.7,33.0,57.3,3.7,0
S2670,16,82.7,74.3,66.2,4.5,1
S2671,15,77.2,57.7,62.6,6.5,1
S2672,18,43.3,26.8,50.6,5.8,0
S2673,15,42.5,63.3,58.9,5.5,1
S2674,15,79.1,50.5,70.3,4.3,1
S2675,15,43.0,37.2,65.5,5.7,0
S2676,17,67.6,81.5,64.0,4.8,0
S2677,17,50.8,59.5,88.2,5.9,1
S2678,16,84.3,53.9,73.8,4.0,1
S2679,16,48.4,52.4,75.2,4.6,1
S2680,18,77.2,36.8,63.0,3.0,1
S2681,16,62.8,39.7,67.6,4.9,1
S2682,15,63.8,76.0,59.8,3.4,1
S2683,15,30.4,51.4,74.3,2.8,0
S2684,17,27.0,58.3,63.7,5.5,0
S2685,15,56.7,29.4,67.7,5.4,0
S2686,18,63.7,39.5,66.9,6.6,1
S2687,15,43.1,66.5,64.8,4.1,1
S2688,15,43.7,63.3,100.0,5.8,0
S2689,18,68.4,82.5,57.0,6.1,1
S2690,16,68.4,76.8,56.9,5.9,1
S2691,16,57.9,54.8,73.3,3.3,1
S2692,18,71.7,64.6,57.9,5.3,0
S2693,17,42.4,53.6,61.5,5.7,1
S2694,15,54.7,86.8,52.0,5.0,1
S2695,18,84.7,74.1,70.9,0.8,1
S2696,15,61.0,60.4,71.1,5.3,1
S2697,17,61.9,60.8,61.2,9.4,0
S2698,15,94.6,78.2,73.6,4.3,1
S2699,18,39.0,66.1,42.7,3.5,1
S2700,15,71.9,79.8,56.5,5.7,1
S2701,16,85.0,27.3,63.0,5.6,0
S2702,17,55.1,64.5,50.9,7.4,1
S2703,17,72.9,50.8,44.0,2.5,0
S2704,17,45.3,82.6,61.3,6.5,1
S2705,18,49.7,79.6,73.3,6.2,0
S2706,17,65.8,58.5,80.4,4.7,0
S2707,16,72.0,79.5,58.4,5.7,1
S2708,18,76.8,83.0,73.8,7.1,1
S2709,16,83.5,59.0,72.6,6.7,1
S2710,15,59.0,92.6,79.6,2.7,1
S2711,15,77.9,57.6,60.8,6.6,1
S2712,15,54.9,55.0,43.4,4.9,1
S2713,15,73.5,70.1,65.8,5.1,1
S2714,16,63.1,53.0,52.8,5.1,1
S2715,18,66.7,59.2,56.3,4.7,1
S2716,18,66.4,77.7,61.4,7.4,0
S2717,17,35.9,58.3,60.9,4.8,0
S2718,16,43.1,34.3,66.7,2.8,1
S2719,15,61.5,63.1,73.4,4.2,1
S2720,16,34.7,48.3,60.6,5.4,0
S2721,17,72.5,70.1,69.7,7.5,1
S2722,17,73.1,67.7,65.2,6.2,1
S2723,16,64.9,78.6,76.2,3.3,1
S2724,16,43.2,70.7,62.7,10.0,0
S2725,16,80.7,73.3,64.1,5.5,1
S2726,18,90.6,48.6,60.5,7.6,1
S2727,15,62.2,69.3,63.1,4.7,1
S2728,16,67.7,85.6,55.6,6.1,1
S2729,16,63.0,48.4,54.4,6.7,1
S2730,16,68.0,83.2,74.3,7.4,1
S2731,17,58.2,50.3,52.0,7.1,0
S2732,17,59.5,46.1,61.2,6.7,1
S2733,18,73.6,62.1,77.2,4.4,1
S2734,15,95.2,68.0,60.8,3.9,1
S2735,18,39.0,70.8,74.9,5.7,1
S2736,15,58.4,44.5,57.9,6.9,0
S2737,17,42.3,64.1,52.4,4.6,1
S2738,17,83.9,48.4,45.9,7.1,1
S2739,17,51.2,37.2,80.8,7.9,0
S2740,18,38.4,45.0,51.4,3.2,1
S2741,16,69.6,47.5,74.0,3.3,0
S2742,16,86.2,65.3,53.0,4.7,0
S2743,17,70.0,74.1,80.8,5.6,1
S2744,16,63.1,37.4,91.5,4.0,1
S2745,16,66.1,62.9,44.8,7.7,1
S2746,18,81.2,41.5,52.0,5.8,1
S2747,15,46.9,66.8,74.3,5.1,0
S2748,17,58.3,49.3,71.2,2.1,1
S2749,17,53.2,43.3,74.3,2.4,1
S2750,18,42.5,69.2,58.1,5.6,1
S2751,18,55.1,49.8,88.9,0.7,1
S2752,16,76.6,53.6,66.4,7.0,1
S2753,17,68.5,26.9,50.4,4.7,0
S2754,15,69.7,71.3,62.0,11.5,1
S2755,18,62.2,69.5,50.6,9.6,0
S2756,15,67.8,58.1,84.1,4.6,1
S2757,15,48.0,36.6,57.1,4.8,1
S2758,17,55.4,74.9,70.9,7.0,1
S2759,17,62.9,48.7,59.4,8.4,1
S2760,18,64.2,51.7,57.6,1.7,1
S2761,17,64.8,90.4,42.1,1.4,0
S2762,17,57.9,48.1,72.2,3.8,1
S2763,17,54.3,68.4,80.6,6.2,1
S2764,15,100.0,65.9,54.0,6.0,1
S2765,18,73.6,63.5,46.5,7.1,1
S2766,16,66.2,61.9,74.6,2.6,1
S2767,15,56.5,63.3,45.2,0.4,1
S2768,17,53.2,61.8,79.6,6.7,0
S2769,15,58.0,57.3,54.1,3.3,0
S2770,17,64.4,79.2,51.8,1.0,1
S2771,17,31.8,39.6,68.0,5.3,0
S2772,15,36.5,72.3,52.5,6.6,1
S2773,18,50.4,69.5,56.5,4.8,1
S2774,17,63.1,67.8,69.2,4.1,1
S2775,18,56.4,73.6,35.9,4.7,0
S2776,16,82.2,56.7,84.7,4.3,1
S2777,17,37.8,31.8,65.5,2.3,1
S2778,18,48.7,57.0,49.5,3.6,1
S2779,18,82.8,44.1,52.8,6.0,0
S2780,16,62.0,47.8,76.9,5.6,0
S2781,18,73.3,40.6,72.2,5.3,1
S2782,18,90.8,51.3,81.6,3.0,1
S2783,16,49.6,49.6,56.8,4.6,0
S2784,17,58.5,24.7,68.6,0.6,1
S2785,18,55.9,67.8,70.1,5.4,0
S2786,18,30.7,89.1,73.3,7.9,1
S2787,18,55.3,66.5,78.5,2.1,1
S2788,15,73.2,55.2,56.4,3.8,1
S2789,16,68.1,57.2,63.6,5.7,1
S2790,15,69.3,52.1,57.7,7.5,0
S2791,16,54.4,59.3,64.4,4.1,1
S2792,17,50.2,57.5,73.4,3.6,1
S2793,17,79.0,46.2,45.2,1.1,1
S2794,18,52.5,81.6,78.3,5.2,1
S2795,16,64.4,37.2,51.3,9.1,0
S2796,17,62.5,68.1,61.3,5.6,1
S2797,16,81.9,56.6,79.9,5.0,1
S2798,17,74.6,84.6,68.9,5.6,1
S2799,15,40.6,62.8,69.1,5.0,0
S2800,17,42.2,53.0,50.8,3.4,0
S2801,15,68.7,54.5,52.5,6.6,0
S2802,17,59.0,58.6,76.3,5.5,0
S2803,18,53.2,42.0,57.9,5.0,0
S2804,15,75.2,47.3,59.1,3.0,1
S2805,17,62.8,33.0,76.6,7.6,0
S2806,18,60.8,45.1,52.4,6.3,1
S2807,15,71.7,59.3,68.2,3.9,1
S2808,18,54.4,62.2,65.5,7.0,0
S2809,16,83.5,30.3,65.0,4.0,1
S2810,16,48.2,56.1,58.8,3.4,0
S2811,15,69.9,65.9,58.0,3.5,1
S2812,17,81.5,55.7,52.1,1.5,1
S2813,15,39.3,49.1,70.8,5.9,0
S2814,18,54.8,52.2,57.0,1.3,1
S2815,17,77.1,50.4,76.6,2.5,1
S2816,16,77.4,49.1,62.3,0.8,1
S2817,17,57.4,60.4,52.3,4.8,0
S2818,16,49.0,90.3,62.1,4.7,1
S2819,17,74.3,47.6,60.1,4.3,1
S2820,17,77.8,53.5,77.1,2.9,0
S2821,17,42.5,57.3,60.6,2.7,1
S2822,18,41.9,48.4,61.7,5.9,0
S2823,18,63.4,73.4,81.9,3.9,1
S2824,15,69.4,24.8,71.1,5.6,0
S2825,15,55.5,50.6,85.0,3.2,1
S2826,16,70.2,69.5,80.1,5.4,0
S2827,18,49.3,53.9,54.4,7.6,0
S2828,16,28.3,46.5,76.9,6.2,1
S2829,15,53.6,64.2,83.3,4.2,1
S2830,16,60.9,70.7,83.4,5.5,1
S2831,15,55.9,60.9,76.9,4.5,1
S2832,18,42.6,46.8,76.6,5.0,1
S2833,17,32.8,64.4,61.4,4.3,1
S2834,18,52.3,52.4,55.0,4.7,1
S2835,16,73.5,68.4,60.8,5.4,1
S2836,16,78.8,78.8,45.0,3.0,1
S2837,18,77.8,21.5,81.1,3.0,0
S2838,18,47.8,59.6,61.6,2.2,0
S2839,15,42.7,33.7,80.5,1.8,1
S2840,16,67.4,92.2,50.2,2.6,1
S2841,16,69.5,51.4,78.0,5.3,1
S2842,18,66.0,68.4,59.1,3.2,0
S2843,17,29.8,57.5,49.6,6.0,1
S2844,16,47.0,46.8,84.5,5.1,1
S2845,17,59.6,45.1,78.3,1.1,1
S2846,18,67.3,80.2,67.5,6.3,1
S2847,18,71.5,71.4,65.4,6.6,1
S2848,15,62.2,85.2,70.3,3.0,1
S2849,16,65.0,58.8,67.3,5.8,1
S2850,17,61.3,62.0,55.5,3.3,1
S2851,15,70.3,54.3,60.1,5.2,1
S2852,16,64.7,54.0,88.5,2.5,1
S2853,15,61.0,43.4,97.1,1.4,1
S2854,18,56.0,59.2,83.8,4.2,1
S2855,16,61.2,47.0,70.7,4.8,1
S2856,15,67.3,64.2,60.9,4.2,0
S2857,15,64.0,60.4,55.4,2.6,0
S2858,17,65.7,62.0,56.2,4.2,1
S2859,15,80.1,81.5,58.4,5.5,1
S2860,16,64.0,57.5,90.8,4.9,1
S2861,16,50.3,68.6,86.7,5.4,1
S2862,17,73.3,86.7,74.0,3.7,1
S2863,16,39.5,76.3,53.5,7.3,1
S2864,18,43.8,74.1,75.7,2.6,0
S2865,16,65.0,53.7,62.1,6.0,1
S2866,16,67.7,61.2,39.2,7.4,0
S2867,15,41.3,39.5,68.4,6.0,1
S2868,15,54.3,65.0,54.9,4.6,0
S2869,16,50.9,61.8,55.3,3.9,1
S2870,17,52.7,58.3,62.0,7.1,1
S2871,15,74.2,72.4,59.0,2.2,1
S2872,17,70.6,41.1,64.6,3.1,0
S2873,16,59.7,80.9,64.0,4.2,1
S2874,16,51.8,70.6,42.5,7.5,0
S2875,18,39.8,57.0,83.2,5.8,1
S2876,15,81.3,55.9,53.2,3.1,0
S2877,16,68.9,64.7,53.6,4.4,1
S2878,18,49.4,79.3,61.1,3.8,1
S2879,15,70.8,59.4,63.7,3.6,1
S2880,16,58.9,60.0,82.5,7.0,1
S2881,16,55.7,58.3,68.2,2.3,1
S2882,15,66.5,82.9,71.8,8.2,1
S2883,15,48.9,52.8,68.3,6.7,1
S2884,15,54.8,57.6,67.8,7.2,1
S2885,16,61.8,78.5,68.7,4.1,1
S2886,16,52.5,60.1,41.8,4.7,0
S2887,18,70.0,73.9,62.0,2.1,0
S2888,17,88.0,45.2,78.9,4.0,1
S2889,15,48.7,55.1,100.0,6.0,1
S2890,16,35.0,78.8,50.5,7.6,1
S2891,16,30.0,48.5,70.1,2.8,1
S2892,15,57.7,55.9,58.1,4.3,1
S2893,17,50.1,61.6,89.6,4.7,0
S2894,15,63.1,44.2,48.8,2.2,1
S2895,17,62.0,52.2,72.5,6.2,1
S2896,16,36.0,59.6,48.1,3.6,1
S2897,17,32.8,58.7,61.2,4.6,1
S2898,18,64.4,75.9,64.6,4.1,1
S2899,16,62.0,79.6,77.8,3.4,1
S2900,18,53.6,46.0,52.1,5.0,0
S2901,15,35.1,59.6,73.0,4.6,1
S2902,15,67.1,67.4,65.2,4.3,0
S2903,15,79.1,79.2,68.3,3.5,1
S2904,17,64.2,68.1,76.5,5.6,1
S2905,16,47.3,62.1,49.6,8.3,1
S2906,15,60.7,67.3,74.7,5.3,0
S2907,15,39.5,67.4,58.2,7.0,0
S2908,16,75.9,45.0,78.2,2.2,0
S2909,15,61.2,60.7,69.0,5.3,1
S2910,18,33.5,78.4,62.5,2.8,1
S2911,16,55.5,55.1,57.9,2.0,0
S2912,16,66.9,59.8,74.9,3.5,1
S2913,16,55.0,54.6,80.1,7.4,1
S2914,18,55.9,25.6,58.6,6.9,1
S2915,16,41.6,58.3,51.4,5.5,1
S2916,18,68.5,62.2,73.3,1.9,1
S2917,16,50.3,50.8,47.6,4.6,0
S2918,17,27.7,41.8,49.3,5.6,0
S2919,15,54.4,45.7,52.2,5.4,1
S2920,17,74.7,68.7,60.0,1.3,0
S2921,15,54.2,85.6,49.0,3.2,1
S2922,18,86.1,77.4,41.7,4.9,1
S2923,17,66.4,39.2,51.4,6.1,1
S2924,16,65.1,70.0,72.7,0.6,1
S2925,15,58.1,48.7,49.7,4.7,0
S2926,15,59.0,49.8,60.9,5.3,1
S2927,17,56.0,51.5,88.4,6.7,1
S2928,18,55.5,67.9,64.4,6.4,1
S2929,17,68.0,71.4,69.1,6.2,1
S2930,18,46.0,56.6,53.6,3.4,1
S2931,18,43.9,56.9,91.0,1.2,1
S2932,15,43.2,64.5,58.5,4.2,0
S2933,17,90.7,66.0,62.3,7.0,1
S2934,17,68.0,74.5,80.8,7.8,1
S2935,18,64.6,40.0,62.8,6.4,1
S2936,17,44.1,58.3,65.6,5.9,1
S2937,16,69.4,43.0,61.6,5.8,1
S2938,16,58.3,57.3,61.7,3.9,1
S2939,17,63.2,54.8,69.4,4.7,1
S2940,17,45.4,57.3,71.6,8.3,0
S2941,18,62.4,46.8,57.3,3.1,1
S2942,16,53.6,37.2,55.8,8.2,1
S2943,16,48.5,28.7,57.7,4.4,0
S2944,15,71.0,56.2,48.2,7.7,1
S2945,18,36.9,52.0,45.9,2.2,1
S2946,15,68.5,48.5,68.6,6.2,1
S2947,16,70.3,76.5,76.3,3.5,1
S2948,18,46.8,46.0,75.5,2.2,1
S2949,17,47.7,77.8,36.4,5.4,1
S2950,18,56.7,80.7,62.1,7.0,0
S2951,17,64.2,30.7,51.8,3.3,0
S2952,17,57.7,59.3,66.7,2.0,1
S2953,18,66.5,52.4,60.0,4.8,1
S2954,17,86.4,17.2,72.1,4.8,1
S2955,15,52.4,37.8,64.8,6.1,1
S2956,16,34.3,68.8,42.2,6.9,1
S2957,17,72.4,86.3,53.4,4.9,1
S2958,15,85.2,70.6,65.1,8.7,1
S2959,17,65.9,62.5,66.1,5.4,1
S2960,16,43.7,57.7,48.1,4.3,1
S2961,15,58.1,81.6,46.6,1.8,1
S2962,16,43.2,88.1,65.7,4.5,1
S2963,16,69.6,49.8,48.2,4.3,1
S2964,15,39.7,30.0,45.0,6.9,1
S2965,15,55.5,28.6,59.7,5.9,1
S2966,15,44.9,76.5,59.1,2.6,1
S2967,18,61.9,57.3,54.5,5.3,1
S2968,15,54.5,60.6,56.6,6.3,1
S2969,15,62.7,32.9,65.2,8.1,1
S2970,15,60.3,47.5,56.4,6.8,0
S2971,15,45.2,53.9,65.8,6.5,1
S2972,17,69.4,60.9,60.4,5.1,1
S2973,18,59.3,52.4,67.0,5.8,1
S2974,16,45.2,43.5,75.5,7.5,1
S2975,15,93.6,47.0,75.1,2.3,1
S2976,17,67.1,74.9,80.5,4.3,0
S2977,17,57.7,61.4,75.1,3.5,0
S2978,17,81.2,66.6,67.9,5.8,1
S2979,16,87.6,45.4,59.8,7.5,1
S2980,15,57.8,16.6,60.3,3.8,1
S2981,18,65.2,50.7,54.5,0.2,1
S2982,18,45.2,45.9,65.1,4.2,0
S2983,17,57.8,62.9,73.4,6.8,1
S2984,16,57.0,100.0,56.3,6.1,1
S2985,16,62.8,67.7,64.6,5.9,1
S2986,16,65.0,96.3,56.9,4.4,1
S2987,18,68.4,66.0,67.5,2.4,0
S2988,17,63.6,49.2,58.4,6.0,0
S2989,15,41.8,62.9,56.1,3.3,0
S2990,18,45.9,82.9,56.8,9.4,1
S2991,17,51.8,83.6,71.0,6.1,1
S2992,17,55.8,49.9,63.8,3.8,0
S2993,15,75.8,61.5,59.9,3.8,0
S2994,15,42.6,38.0,68.1,4.8,1
S2995,15,54.6,69.5,60.0,4.5,0
S2996,16,74.3,79.7,78.5,7.2,1
S2997,15,55.5,58.6,53.3,5.4,1
S2998,17,66.9,48.7,62.8,3.5,1
S2999,15,57.9,63.0,48.1,8.8,1
S3000,17,63.9,63.8,60.8,5.1,0
S3001,18,56.6,59.1,44.8,6.5,1
S3002,16,70.0,60.5,74.0,3.8,0
S3003,18,36.8,55.6,74.2,5.7,1
S3004,18,54.6,71.9,74.4,5.6,1
S3005,17,64.4,68.3,65.3,1.2,1
S3006,18,68.0,44.2,54.4,9.0,1
S3007,17,82.4,43.9,55.4,7.6,0
S3008,15,54.1,54.4,83.4,4.2,1
S3009,15,82.2,68.3,82.2,2.8,1
S3010,17,50.1,60.1,66.5,5.7,1
S3011,15,79.9,49.0,58.8,5.2,0
S3012,16,72.3,61.7,81.4,5.7,1
S3013,18,46.3,53.4,56.7,5.4,0
S3014,16,64.6,70.3,67.7,6.0,1
S3015,18,59.2,62.7,81.2,7.9,1
S3016,15,69.4,53.6,55.0,6.1,0
S3017,16,56.7,61.2,75.0,2.9,1
S3018,15,55.4,76.4,71.2,7.7,1
S3019,18,80.5,50.0,64.5,8.3,1
S3020,17,58.5,63.6,53.1,11.3,1
S3021,17,72.4,57.0,56.3,2.8,1
S3022,16,56.6,64.0,68.5,5.5,1
S3023,15,85.0,48.8,47.9,0.8,1
S3024,15,49.8,59.5,66.6,6.1,1
S3025,16,50.8,73.5,71.5,3.9,1
S3026,17,82.9,44.9,76.8,8.8,1
S3027,18,53.3,39.4,48.2,3.5,1
S3028,16,84.0,39.9,80.8,1.6,1
S3029,18,73.4,41.6,85.3,4.1,1
S3030,17,57.7,66.3,69.9,1.0,1
S3031,15,32.8,38.3,52.5,6.5,0
S3032,17,59.7,53.8,61.1,0.9,1
S3033,16,61.5,66.7,64.4,5.1,1
S3034,15,77.5,63.8,68.2,0.8,1
S3035,16,83.8,52.6,65.3,4.4,0
S3036,16,49.7,60.7,68.4,8.3,0
S3037,17,72.0,59.5,63.9,5.7,1
S3038,16,71.5,54.9,68.2,3.3,1
S3039,17,76.1,55.0,59.5,4.9,0
S3040,15,67.5,89.3,60.9,5.0,1
S3041,17,30.9,69.3,58.1,5.9,0
S3042,15,57.7,92.7,88.0,2.3,1
S3043,17,42.7,51.0,82.6,6.2,0
S3044,18,57.0,56.8,71.7,0.0,0
S3045,18,74.7,39.4,80.9,3.7,1
S3046,16,64.6,46.7,74.6,4.0,1
S3047,17,77.2,84.6,67.2,6.3,1
S3048,17,65.1,50.7,46.9,5.0,0
S3049,15,40.5,84.9,61.9,2.2,0
S3050,16,22.2,40.6,61.0,3.0,1
S3051,17,62.2,43.3,51.4,5.4,1
S3052,16,56.8,53.2,47.2,4.8,0
S3053,18,45.3,57.1,70.9,3.8,1
S3054,17,34.5,70.9,68.9,4.0,0
S3055,17,49.0,64.3,51.0,6.4,0
S3056,16,57.1,52.2,56.0,4.0,0
S3057,17,70.0,56.1,78.9,4.8,1
S3058,16,62.8,53.5,54.5,9.3,1
S3059,17,84.1,45.2,67.0,2.2,1
S3060,15,44.5,45.6,62.7,1.3,0
S3061,16,73.2,72.4,71.1,6.6,1
S3062,17,60.7,32.4,54.7,3.6,1
S3063,18,70.4,80.6,66.1,4.4,1
S3064,17,53.5,53.2,67.0,3.4,1
S3065,18,76.1,47.2,67.8,4.5,0
S3066,18,64.4,68.4,65.9,8.2,1
S3067,15,49.8,78.8,69.1,6.6,1
S3068,16,59.8,73.6,91.3,6.7,1
S3069,17,56.4,65.0,95.7,2.2,1
S3070,15,67.3,73.2,57.3,2.7,1
S3071,17,42.3,34.0,37.2,0.0,0
S3072,18,59.6,50.7,72.1,3.4,1
S3073,16,65.9,45.2,67.2,6.9,1
S3074,17,60.5,75.1,77.7,6.0,1
S3075,17,80.2,52.6,68.4,4.6,1
S3076,18,71.6,69.8,65.7,5.0,1
S3077,17,59.9,65.5,78.5,3.6,1
S3078,17,63.3,45.9,80.2,5.4,1
S3079,18,64.4,49.8,48.4,6.5,0
S3080,15,66.0,76.1,55.2,1.8,1
S3081,18,32.6,47.1,63.7,5.6,1
S3082,15,55.5,59.7,66.2,6.9,1
S3083,16,37.7,47.0,62.3,4.2,0
S3084,15,79.2,53.6,70.2,6.4,1
S3085,15,59.1,57.4,77.0,10.6,0
S3086,16,57.1,47.0,85.7,4.8,1
S3087,15,73.5,44.6,71.9,5.8,1
S3088,18,66.3,62.0,54.8,3.5,1
S3089,15,43.1,46.2,63.2,5.4,0
S3090,16,58.9,46.7,64.1,5.9,1
S3091,18,55.0,44.9,71.2,5.4,1
S3092,16,33.8,56.9,69.7,3.0,1
S3093,16,49.6,71.2,89.6,5.4,1
S3094,17,57.2,79.1,59.5,7.9,0
S3095,17,58.3,47.8,69.6,5.9,0
S3096,16,37.8,88.1,93.3,6.9,1
S3097,16,77.3,43.9,58.0,4.5,1
S3098,16,58.5,73.2,66.7,6.5,1
S3099,17,60.6,47.9,53.7,5.6,1
S3100,17,66.0,45.8,66.0,3.1,1
S3101,15,48.2,47.6,55.6,5.6,1
S3102,15,66.8,57.3,77.6,3.0,1
S3103,16,54.5,66.1,66.8,3.7,1
S3104,18,46.6,67.4,53.8,5.4,1
S3105,18,68.6,44.8,75.1,5.6,1
S3106,17,82.4,44.1,67.2,2.6,1
S3107,17,70.9,45.2,76.4,7.1,0
S3108,17,73.8,56.4,51.2,6.1,0
S3109,16,52.2,55.1,69.4,3.6,1
S3110,18,36.0,44.7,74.3,1.9,1
S3111,15,82.4,61.8,59.9,4.7,1
S3112,16,90.8,89.7,49.9,4.1,1
S3113,15,83.1,50.9,64.5,5.2,1
S3114,15,55.0,51.9,79.7,4.3,0
S3115,16,42.7,65.8,78.5,1.0,1
S3116,15,44.0,50.2,59.9,4.2,0
S3117,18,34.7,67.4,49.6,4.4,0
S3118,15,58.4,47.9,59.8,6.3,0
S3119,18,84.1,83.6,59.4,3.6,1
S3120,18,57.9,62.8,70.4,8.4,1
S3121,18,64.5,49.3,63.7,1.2,1
S3122,17,80.6,49.8,56.0,7.6,1
S3123,15,53.9,50.8,78.3,4.6,0
S3124,16,90.5,77.2,66.7,6.7,0
S3125,16,89.9,40.2,70.2,5.2,1
S3126,15,58.0,48.6,44.3,7.3,1
S3127,17,51.3,50.1,35.9,4.2,0
S3128,17,70.5,57.8,47.7,2.8,1
S3129,18,54.8,54.2,59.2,7.8,1
S3130,15,42.7,37.1,71.9,4.8,0
S3131,15,79.2,52.4,36.9,5.4,1
S3132,16,78.2,56.6,84.1,7.5,0
S3133,15,62.3,49.2,67.0,2.9,1
S3134,17,41.1,67.6,81.3,6.2,1
S3135,15,41.6,70.9,54.4,3.8,0
S3136,16,61.6,56.9,71.0,4.7,1
S3137,18,52.5,61.2,66.0,5.1,1
S3138,16,54.9,27.7,74.8,2.0,1
S3139,16,75.3,52.1,62.2,3.4,1
S3140,18,71.0,72.1,70.7,7.7,1
S3141,16,80.7,52.1,78.2,6.8,1
S3142,16,45.1,47.7,57.2,4.9,0
S3143,15,54.9,89.9,67.9,5.5,1
S3144,15,71.4,83.5,42.3,4.4,0
S3145,18,66.7,64.5,73.4,7.7,1
S3146,15,83.0,73.9,88.5,4.6,0
S3147,15,66.3,26.8,50.1,5.5,1
S3148,16,87.7,47.0,63.9,7.3,0
S3149,17,68.1,51.4,75.6,3.4,1
S3150,15,75.9,54.7,65.4,8.1,1
S3151,17,55.1,51.1,67.0,1.9,1
S3152,15,60.2,22.3,60.3,8.3,0
S3153,15,73.7,63.4,59.9,4.3,1
S3154,18,84.2,65.6,64.0,4.5,1
S3155,18,70.9,80.4,65.5,1.2,1
S3156,18,58.8,47.0,50.8,4.1,1
S3157,17,80.7,45.8,64.2,2.9,1
S3158,16,27.1,20.5,83.8,3.8,1
S3159,15,38.7,53.9,60.0,4.7,0
S3160,15,70.2,70.6,50.2,6.9,1
S3161,15,60.2,49.4,63.2,5.4,0
S3162,17,69.1,88.0,56.4,5.6,1
S3163,18,61.0,54.4,48.9,2.8,0
S3164,16,68.6,60.1,66.7,3.2,1
S3165,17,47.8,38.9,56.5,8.6,0
S3166,18,68.6,62.0,57.5,3.5,1
S3167,17,74.9,30.3,66.8,8.3,0
S3168,16,78.3,67.7,46.6,4.5,0
S3169,18,90.2,68.1,44.1,5.0,1
S3170,17,63.7,77.0,73.1,7.1,1
S3171,16,64.1,43.7,41.8,7.5,0
S3172,15,37.2,60.2,53.3,4.8,0
S3173,16,52.0,65.9,43.4,4.2,1
S3174,15,57.1,64.2,59.2,4.9,1
S3175,17,75.8,45.9,70.1,5.7,1
S3176,18,50.8,24.5,66.3,6.8,0
S3177,18,71.9,62.9,93.7,5.0,1
S3178,17,60.0,55.9,78.0,6.2,1
S3179,18,57.3,50.1,53.8,8.3,1
S3180,18,63.7,68.7,50.6,5.8,1
S3181,15,54.1,57.4,97.5,5.6,0
S3182,17,53.6,39.5,77.8,2.0,1
S3183,16,34.4,31.0,72.1,0.0,1
S3184,15,56.3,42.2,65.9,5.8,1
S3185,17,52.8,91.5,68.3,4.8,1
S3186,15,52.3,68.1,47.2,4.0,1
S3187,16,66.3,60.6,66.9,5.5,1
S3188,16,69.9,55.5,65.9,4.9,1
S3189,17,63.5,54.5,54.2,7.3,1
S3190,16,74.9,74.3,58.5,5.2,1
S3191,15,68.6,51.1,83.2,3.5,1
S3192,16,55.6,66.1,63.5,7.0,0
S3193,15,53.1,53.1,89.9,4.6,0
S3194,15,64.7,85.2,44.1,6.1,1
S3195,16,68.6,68.4,58.7,4.0,1
S3196,17,81.0,75.4,46.4,3.7,1
S3197,18,77.9,49.8,50.5,5.2,1
S3198,16,51.9,72.8,55.1,5.0,0
S3199,15,58.5,53.6,68.8,6.0,1
S3200,15,70.1,59.5,68.2,4.5,0
S3201,16,76.0,80.9,56.8,1.3,1
S3202,17,74.1,43.4,38.3,4.1,0
S3203,17,59.0,60.8,82.7,6.6,1
S3204,15,41.2,64.1,61.6,4.4,1
S3205,15,45.0,65.3,51.6,4.5,0
S3206,17,64.1,51.7,68.3,7.0,0
S3207,18,65.1,87.2,67.5,3.6,1
S3208,16,43.5,39.9,61.1,1.9,0
S3209,15,60.7,78.4,66.8,4.7,1
S3210,15,69.5,75.0,51.1,4.0,0
S3211,17,42.7,84.6,74.1,3.1,1
S3212,16,76.6,35.8,53.0,4.6,1
S3213,17,54.3,45.8,57.7,6.0,1
S3214,16,78.9,78.9,72.8,5.0,1
S3215,16,52.0,31.7,79.4,5.6,1
S3216,16,44.6,35.5,84.0,8.6,0
S3217,15,53.1,51.2,77.7,4.3,1
S3218,18,58.6,60.7,61.1,5.6,1
S3219,17,54.2,80.3,46.5,4.0,1
S3220,18,56.8,55.4,81.9,3.3,1
S3221,17,65.0,49.5,81.4,3.8,1
S3222,16,57.4,62.4,56.9,4.0,1
S3223,15,59.0,64.6,76.1,5.7,1
S3224,18,34.4,64.2,61.0,9.7,0
S3225,15,65.9,55.5,83.0,3.6,1
S3226,17,58.7,30.6,58.8,4.2,0
S3227,15,84.2,45.2,88.7,4.9,1
S3228,15,45.9,77.9,74.4,5.8,1
S3229,18,32.9,60.6,86.6,5.5,1
S3230,16,69.3,53.5,59.4,7.6,1
S3231,15,65.2,73.7,69.9,0.1,1
S3232,16,44.9,42.2,53.4,0.2,1
S3233,17,37.1,54.8,75.1,4.0,1
S3234,15,83.1,59.9,75.8,7.2,1
S3235,18,81.2,51.8,93.8,1.9,1
S3236,17,22.7,59.4,70.8,0.0,0
S3237,17,53.1,55.4,73.7,6.1,0
S3238,18,85.0,38.4,59.4,5.5,0
S3239,15,52.9,60.5,71.5,2.8,1
S3240,15,52.6,39.4,60.4,3.0,0
S3241,17,55.8,60.3,66.4,3.1,1
S3242,15,43.2,77.2,67.1,5.2,1
S3243,16,34.4,54.1,60.8,3.7,1
S3244,18,75.8,41.6,65.8,6.0,0
S3245,16,32.4,56.2,60.5,0.0,1
S3246,15,63.7,46.4,60.4,3.3,0
S3247,17,73.3,66.3,77.9,2.7,1
S3248,18,38.2,55.9,67.1,4.5,0
S3249,15,46.1,81.9,69.2,3.9,0
S3250,15,78.2,74.3,47.5,6.6,0
S3251,17,68.0,55.9,70.1,1.3,1
S3252,17,50.7,68.0,71.4,5.1,0
S3253,16,78.0,52.5,60.2,6.1,0
S3254,18,78.1,58.5,90.0,8.7,1
S3255,18,64.0,52.9,37.5,4.0,1
S3256,17,46.5,68.7,74.4,5.6,1
S3257,16,53.8,78.1,73.6,1.4,1
S3258,18,64.3,69.2,71.5,0.2,1
S3259,17,57.2,70.9,67.1,6.7,1
S3260,15,74.1,70.9,71.6,5.0,1
S3261,18,37.1,65.7,75.4,7.4,1
S3262,16,37.6,42.0,56.3,2.3,1
S3263,16,62.7,81.8,68.6,6.0,1
S3264,16,52.6,83.3,62.8,8.7,0
S3265,15,50.6,54.7,51.9,5.8,1
S3266,18,33.5,52.8,73.6,5.6,0
S3267,18,60.3,66.6,58.2,5.0,0
S3268,15,59.2,65.7,47.0,1.9,1
S3269,18,69.8,55.2,58.5,7.7,1
S3270,15,61.0,40.5,55.4,3.8,1
S3271,15,58.0,62.3,77.3,6.0,1
S3272,15,77.7,65.7,66.8,1.9,1
S3273,16,40.3,68.2,81.6,2.6,1
S3274,18,68.0,62.9,57.0,7.9,0
S3275,15,34.9,54.2,75.5,4.3,1
S3276,18,47.4,71.9,99.1,7.9,1
S3277,16,41.8,58.9,69.3,4.8,0
S3278,15,71.7,51.5,75.3,1.3,1
S3279,17,59.0,55.5,73.3,6.8,0
S3280,16,59.8,33.6,47.9,3.8,0
S3281,17,43.4,55.4,72.0,6.4,1
S3282,18,55.5,67.6,68.7,5.1,0
S3283,18,48.5,62.8,61.9,1.9,0
S3284,16,65.8,79.3,54.4,5.3,1
S3285,18,45.1,54.3,73.3,9.4,1
S3286,17,79.9,64.8,53.3,6.0,1
S3287,15,34.9,69.1,90.6,4.9,1
S3288,15,47.9,90.8,66.4,7.2,1
S3289,15,85.2,60.0,50.3,5.4,1
S3290,16,53.5,43.4,58.8,5.4,0
S3291,18,40.3,69.9,61.7,2.8,1
S3292,17,63.3,84.1,93.9,5.5,1
S3293,18,52.9,53.5,54.4,7.1,0
S3294,18,47.5,69.8,63.6,3.3,1
S3295,18,43.6,75.2,58.5,7.8,1
S3296,15,100.0,72.2,71.0,4.8,1
S3297,17,56.2,59.8,58.7,3.2,1
S3298,17,31.1,48.2,51.3,7.0,1
S3299,18,82.4,56.9,62.7,4.4,1
S3300,15,69.2,64.4,61.4,6.5,1
S3301,15,48.5,70.7,57.9,4.4,1
S3302,17,46.0,62.7,58.5,4.9,1
S3303,15,70.1,52.7,79.2,6.0,1
S3304,15,56.3,65.8,61.2,5.6,1
S3305,15,31.1,70.0,51.4,1.0,0
S3306,16,86.8,63.3,59.5,2.8,1
S3307,18,53.5,46.3,65.7,6.9,0
S3308,17,82.4,55.5,49.0,4.7,1
S3309,17,79.2,71.3,84.5,4.0,1
S3310,16,45.0,38.6,75.4,2.3,0
S3311,18,75.5,28.7,82.2,2.8,1
S3312,17,50.2,79.1,69.7,1.0,0
S3313,15,32.0,65.2,39.9,4.8,0
S3314,17,53.6,66.5,83.4,3.8,0
S3315,15,66.0,42.9,54.6,3.1,1
S3316,16,53.1,68.3,55.6,4.9,0
S3317,15,55.4,61.9,66.9,5.7,1
S3318,17,77.2,35.8,81.5,9.2,1
S3319,17,61.6,77.9,77.6,2.0,1
S3320,17,47.4,60.2,75.9,7.3,1
S3321,16,70.5,52.5,61.3,6.9,1
S3322,16,63.0,52.7,61.1,3.4,0
S3323,18,22.2,29.8,69.2,5.4,0
S3324,17,66.4,66.3,63.4,4.1,1
S3325,15,65.9,61.7,75.7,5.4,1
S3326,16,60.3,55.3,75.0,8.0,1
S3327,17,73.4,75.9,72.1,6.2,1
S3328,17,49.9,38.6,34.7,6.0,1
S3329,16,65.0,49.6,66.5,4.1,1
S3330,18,36.5,46.1,63.7,2.0,1
S3331,16,66.1,54.1,67.0,4.6,1
S3332,16,89.3,58.9,55.9,7.4,1
S3333,15,45.1,64.0,49.1,1.9,1
S3334,15,48.6,53.1,70.6,2.9,0
S3335,18,49.3,45.7,60.7,5.3,1
S3336,17,61.9,81.6,71.9,3.0,1
S3337,16,44.1,91.8,56.9,3.4,1
S3338,18,66.3,60.0,82.0,4.2,1
S3339,15,72.7,47.4,77.0,2.3,1
S3340,16,68.0,78.7,68.6,3.1,1
S3341,17,33.5,37.7,62.4,6.4,1
S3342,15,74.9,53.3,75.2,2.4,1
S3343,15,74.1,48.3,69.7,1.8,1
S3344,15,72.5,41.8,67.9,3.7,0
S3345,18,65.6,54.1,77.5,6.5,1
S3346,17,63.3,45.9,82.1,4.6,1
S3347,16,75.5,58.2,50.0,4.1,1
S3348,18,88.9,58.4,52.4,5.1,1
S3349,18,45.7,49.3,55.6,1.5,1
S3350,18,76.2,52.8,47.0,6.0,1
S3351,15,58.7,54.8,64.2,5.8,1
S3352,17,58.1,69.3,72.2,4.2,0
S3353,18,37.0,55.9,64.7,7.0,1
S3354,16,55.7,69.5,58.6,2.7,0
S3355,17,45.0,66.2,78.5,7.3,0
S3356,16,53.0,66.0,66.7,5.3,0
S3357,17,43.5,77.4,69.1,4.3,0
S3358,16,53.3,42.3,78.9,5.0,0
S3359,15,53.9,51.4,63.5,4.8,1
S3360,18,61.5,82.7,89.7,7.4,1
S3361,16,35.8,54.4,59.6,2.8,0
S3362,17,38.3,18.6,89.0,3.5,1
S3363,18,65.4,55.2,53.3,7.1,1
S3364,18,48.0,59.9,71.2,3.8,1
S3365,17,76.1,21.4,57.3,6.8,0
S3366,16,63.4,76.7,78.4,8.4,1
S3367,15,69.1,48.0,59.3,4.2,1
S3368,15,81.2,62.6,68.5,6.4,1
S3369,16,55.4,54.8,57.2,2.7,1
S3370,18,51.4,40.0,76.2,6.5,1
S3371,18,73.1,43.0,57.1,5.4,0
S3372,18,67.6,44.9,85.2,5.9,1
S3373,18,57.2,73.2,53.0,3.7,1
S3374,16,80.9,55.9,48.9,1.7,1
S3375,18,56.8,50.7,76.4,6.0,1
S3376,17,60.5,44.9,57.9,0.9,1
S3377,18,60.3,74.7,64.9,4.4,1
S3378,15,46.0,78.5,61.1,6.9,1
S3379,18,61.2,74.6,49.2,5.4,1
S3380,16,81.0,64.9,64.1,8.9,0
S3381,15,66.7,62.1,80.2,7.1,1
S3382,16,60.5,41.0,77.0,3.7,1
S3383,16,57.6,54.6,67.8,5.1,1
S3384,15,65.0,48.4,78.3,4.9,1
S3385,16,71.2,32.4,52.3,1.8,0
S3386,16,69.1,72.8,61.1,3.1,1
S3387,18,55.0,48.3,69.7,3.9,0
S3388,17,64.9,74.7,63.4,0.9,1
S3389,16,67.2,70.3,62.0,5.1,1
S3390,16,44.9,65.8,50.6,4.5,1
S3391,16,62.5,66.6,40.0,1.7,1
S3392,18,27.6,49.4,74.8,5.8,1
S3393,17,67.2,84.0,67.9,6.4,1
S3394,15,69.9,58.6,75.8,5.5,1
S3395,18,71.2,62.2,59.8,4.4,1
S3396,18,54.1,48.9,56.4,6.2,0
S3397,17,64.6,45.0,65.1,6.4,1
S3398,17,81.4,64.7,75.3,5.6,1
S3399,18,81.2,61.0,62.2,3.4,1
S3400,15,59.6,46.9,74.6,5.6,1
S3401,18,62.1,37.9,52.9,7.4,0
S3402,17,76.7,40.2,63.1,3.8,1
S3403,15,37.5,74.7,64.2,9.2,1
S3404,17,55.2,49.4,79.7,3.9,1
S3405,15,80.0,53.3,67.5,5.1,0
S3406,16,74.6,78.3,86.0,3.7,1
S3407,17,65.5,42.3,48.8,5.4,0
S3408,17,37.4,47.8,66.6,1.5,1
S3409,18,59.3,47.2,67.2,3.9,0
S3410,17,51.2,80.7,72.4,2.8,1
S3411,17,65.0,85.9,55.2,5.3,1
S3412,16,47.9,68.5,85.2,7.0,0
S3413,17,44.6,69.0,65.2,6.3,1
S3414,16,29.0,49.9,52.0,0.3,1
S3415,16,78.3,85.3,64.8,9.1,1
S3416,16,54.0,61.7,61.2,5.6,0
S3417,16,62.4,69.9,98.4,3.4,1
S3418,15,60.0,56.5,77.6,5.3,1
S3419,18,44.0,54.2,65.6,5.4,0
S3420,15,41.1,81.3,63.7,3.7,1
S3421,17,44.9,65.6,76.4,5.4,1
S3422,15,49.2,78.3,77.0,3.8,1
S3423,15,65.5,61.6,30.1,4.2,0
S3424,17,48.1,46.1,72.7,3.6,1
S3425,17,86.2,49.8,65.3,2.1,1
S3426,17,75.4,59.4,49.3,5.3,1
S3427,15,72.1,49.2,75.6,6.2,1
S3428,15,58.2,42.5,92.0,6.0,1
S3429,17,82.7,74.8,71.7,6.6,1
S3430,18,56.7,50.4,78.2,5.6,1
S3431,18,59.5,59.9,86.6,3.9,0
S3432,16,62.5,62.1,55.0,6.7,0
S3433,17,70.5,49.8,42.7,2.3,0
S3434,16,69.6,78.3,72.9,3.2,1
S3435,18,52.9,42.4,62.0,3.1,1
S3436,16,52.0,61.7,48.5,7.2,1
S3437,17,69.6,61.4,64.1,6.9,0
S3438,17,70.7,57.2,73.7,6.0,1
S3439,17,54.1,39.8,63.2,7.1,0
S3440,15,36.2,70.2,55.6,3.2,1
S3441,16,56.9,68.4,62.3,5.7,1
S3442,18,69.4,48.5,64.8,4.7,1
S3443,18,87.1,67.9,41.8,6.7,1
S3444,18,42.0,63.2,63.3,4.8,1
S3445,15,53.6,40.1,48.9,4.2,1
S3446,15,54.2,46.0,72.9,6.1,1
S3447,17,80.3,73.9,46.3,6.8,1
S3448,18,59.5,62.3,77.2,3.7,1
S3449,15,46.4,50.1,60.1,4.9,0
S3450,17,68.4,46.0,58.5,2.9,1
S3451,18,53.9,50.8,68.5,0.0,1
S3452,16,41.6,51.8,54.6,5.4,1
S3453,17,46.6,46.2,68.3,6.2,0
S3454,15,86.0,33.6,56.2,5.5,1
S3455,15,65.8,74.0,58.3,1.1,0
S3456,17,61.6,71.6,69.9,4.3,1
S3457,17,56.3,40.2,51.3,0.6,1
S3458,15,64.4,59.9,49.8,7.7,1
S3459,16,64.2,45.4,68.0,2.8,1
S3460,18,64.4,54.3,64.7,7.5,1
S3461,16,61.7,53.2,67.0,6.9,1
S3462,17,73.0,52.0,68.9,3.2,1
S3463,16,60.3,86.0,65.7,2.7,1
S3464,15,45.3,51.8,72.3,5.7,0
S3465,17,50.8,46.7,66.2,3.3,0
S3466,18,30.3,47.3,40.9,5.2,0
S3467,15,90.4,72.6,44.0,4.0,0
S3468,15,72.9,34.9,88.1,1.4,1
S3469,18,47.5,47.3,65.0,0.5,1
S3470,18,55.8,78.3,76.4,5.5,1
S3471,16,50.4,61.4,60.9,3.9,1
S3472,17,83.1,60.7,64.3,3.9,1
S3473,18,38.7,87.9,59.6,6.4,1
S3474,18,61.7,61.4,94.6,7.3,1
S3475,17,58.4,48.1,68.0,4.5,1
S3476,18,72.4,54.1,58.6,4.3,1
S3477,18,58.4,42.1,45.2,6.0,1
S3478,16,33.6,75.6,88.7,2.3,1
S3479,15,56.2,66.0,63.0,5.4,0
S3480,15,45.4,73.7,73.9,6.1,1
S3481,15,61.2,75.0,75.3,6.4,1
S3482,15,81.5,52.2,59.4,1.1,1
S3483,18,33.9,44.8,73.1,3.5,1
S3484,17,48.0,57.3,57.8,3.2,0
S3485,17,51.7,45.8,53.1,5.2,0
S3486,16,54.3,60.3,79.0,6.0,1
S3487,16,71.1,73.8,63.1,8.0,1
S3488,18,57.4,55.6,71.2,4.0,1
S3489,17,66.2,60.1,69.9,4.0,1
S3490,17,50.6,56.7,72.7,7.3,1
S3491,15,63.4,69.2,46.3,5.6,1
S3492,18,71.7,48.7,58.0,7.5,1
S3493,18,49.0,27.2,61.1,5.6,1
S3494,15,71.7,64.6,55.0,2.7,0
S3495,18,60.8,71.8,70.1,2.3,0
S3496,18,75.7,64.2,79.2,1.9,1
S3497,16,57.0,49.0,81.1,6.3,1
S3498,17,65.7,42.1,60.9,7.4,1
S3499,18,59.4,64.9,68.5,8.7,0
S3500,16,58.6,60.0,70.3,6.7,1
S3501,17,63.9,56.2,72.5,7.3,0
S3502,15,68.1,83.5,54.5,3.8,1
S3503,16,41.3,44.7,86.8,2.7,0
S3504,16,81.5,82.9,76.1,6.7,1
S3505,17,32.1,58.4,76.4,5.8,0
S3506,15,49.7,32.3,79.4,5.2,0
S3507,16,58.6,55.5,71.4,5.8,0
S3508,18,66.2,71.4,52.7,5.6,0
S3509,18,83.6,52.9,63.3,7.6,1
S3510,18,32.1,37.4,45.2,7.6,0
S3511,15,52.4,55.7,70.0,6.1,0
S3512,16,28.1,46.0,63.0,6.7,0
S3513,18,60.5,64.9,64.5,6.0,1
S3514,15,64.1,68.8,79.4,4.1,1
S3515,18,83.9,43.2,59.5,6.5,1
S3516,17,61.8,48.1,62.0,2.2,0
S3517,16,75.7,68.6,65.3,7.1,1
S3518,16,68.8,46.0,42.9,2.6,1
S3519,15,53.5,42.8,61.8,5.6,1
S3520,15,38.9,41.5,35.2,3.3,0
S3521,16,64.1,62.9,58.0,6.1,1
S3522,18,37.6,62.3,75.3,4.9,1
S3523,18,79.4,48.4,70.4,1.8,1
S3524,17,57.6,58.1,57.9,5.8,0
S3525,18,77.9,79.4,65.5,3.8,0
S3526,15,52.8,44.4,52.1,6.8,1
S3527,15,64.0,30.7,65.0,5.0,1
S3528,18,63.1,64.4,100.0,5.8,1
S3529,15,59.3,56.5,87.1,3.1,1
S3530,16,53.5,48.1,65.6,3.8,0
S3531,16,65.9,67.1,66.9,4.1,1
S3532,18,46.1,69.7,53.2,6.7,0
S3533,16,41.9,27.1,55.4,8.4,1
S3534,16,78.6,48.9,69.3,3.4,1
S3535,17,70.9,90.4,58.7,7.2,1
S3536,17,61.0,66.2,75.8,0.7,1
S3537,16,85.0,67.5,83.8,2.6,1
S3538,18,56.0,74.4,69.0,3.1,0
S3539,17,79.8,58.2,66.2,2.3,1
S3540,15,62.6,69.2,44.8,1.8,1
S3541,15,44.6,68.1,74.0,5.8,1
S3542,15,87.7,65.5,51.3,4.6,1
S3543,18,74.9,53.5,60.0,5.8,0
S3544,16,58.2,60.4,76.5,6.4,1
S3545,15,70.9,49.8,77.4,5.5,1
S3546,18,53.9,58.2,59.4,6.3,0
S3547,17,72.4,41.6,60.1,4.9,0
S3548,16,24.1,46.9,56.6,2.6,1
S3549,17,44.7,54.0,50.6,7.1,0
S3550,18,74.7,44.8,57.4,3.8,1
S3551,15,56.3,50.9,45.6,3.1,1
S3552,15,63.1,55.7,73.2,4.6,1
S3553,18,39.8,63.6,69.7,3.2,0
S3554,15,87.7,71.3,71.7,4.2,1
S3555,16,77.9,51.5,53.5,5.7,1
S3556,18,57.0,76.7,50.7,5.7,1
S3557,17,53.9,71.1,65.6,3.2,0
S3558,18,75.4,65.1,65.8,4.0,1
S3559,16,89.7,60.2,63.2,7.1,1
S3560,16,74.3,62.5,61.5,6.0,1
S3561,18,92.6,74.6,85.5,9.2,1
S3562,18,46.2,75.1,70.1,7.4,1
S3563,15,47.7,76.7,88.6,7.3,1
S3564,16,42.2,58.6,80.2,2.2,1
S3565,18,66.6,65.8,85.4,6.5,0
S3566,18,62.6,76.8,52.1,4.9,1
S3567,16,57.7,49.3,72.1,3.9,1
S3568,18,72.1,53.5,59.8,5.3,1
S3569,15,78.5,58.2,45.0,6.9,1
S3570,16,37.1,70.6,83.0,6.0,0
S3571,15,51.0,70.8,61.5,3.2,1
S3572,15,72.3,54.8,52.3,6.5,1
S3573,15,53.0,36.9,60.0,3.7,1
S3574,15,48.0,61.4,55.4,5.4,1
S3575,16,75.3,45.1,56.7,4.4,1
S3576,15,40.7,37.1,62.3,4.6,0
S3577,15,55.5,40.3,85.8,6.5,0
S3578,18,64.9,62.6,57.0,2.9,1
S3579,16,51.4,77.1,84.9,8.9,1
S3580,16,71.7,58.5,75.2,1.4,1
S3581,17,51.5,61.0,69.8,3.8,0
S3582,16,81.1,74.6,74.0,5.7,1
S3583,16,58.1,36.4,65.2,6.2,1
S3584,17,70.1,65.3,80.4,4.8,1
S3585,16,71.2,57.8,71.8,4.9,1
S3586,16,50.6,65.9,45.0,5.8,1
S3587,16,29.2,51.2,68.6,4.5,0
S3588,16,65.4,46.5,74.4,7.8,0
S3589,17,61.1,60.0,61.5,6.7,1
S3590,16,68.3,81.1,66.5,6.7,1
S3591,16,56.6,70.1,57.6,3.1,1
S3592,17,53.5,50.9,48.5,4.8,0
S3593,18,90.1,39.2,46.4,4.4,1
S3594,15,37.9,34.5,46.6,3.0,0
S3595,18,71.0,76.4,73.0,5.7,1
S3596,17,51.4,44.6,35.1,3.9,0
S3597,15,55.0,53.4,57.0,6.3,1
S3598,17,55.2,76.5,55.8,2.9,1
S3599,17,47.9,35.4,61.6,8.4,0
S3600,16,68.6,78.9,42.7,3.2,1
S3601,15,80.9,54.4,69.8,5.4,1
S3602,16,67.1,41.9,49.7,6.6,1
S3603,15,61.6,54.5,78.6,3.9,1
S3604,17,45.2,47.9,57.5,6.7,1
S3605,17,67.8,64.2,63.9,2.5,1
S3606,18,92.3,48.9,65.0,7.9,1
S3607,15,54.3,31.2,67.9,5.0,1
S3608,16,54.4,54.9,65.4,3.8,0
S3609,18,51.6,39.0,59.9,4.4,1
S3610,18,52.7,60.9,69.1,6.6,1
S3611,18,18.8,41.4,70.6,3.8,1
S3612,16,66.1,51.2,55.8,3.5,0
S3613,18,47.3,60.6,70.1,4.6,0
S3614,16,35.8,55.0,79.3,2.6,1
S3615,18,71.3,61.5,73.5,8.6,0
S3616,16,43.8,67.5,76.2,3.9,1
S3617,17,54.9,41.8,67.1,6.7,1
S3618,17,82.0,57.1,53.8,5.4,1
S3619,17,38.9,11.4,55.3,3.0,0
S3620,17,37.0,61.5,68.8,5.0,1
S3621,17,64.0,53.8,76.3,6.6,1
S3622,18,77.2,44.2,98.4,4.6,1
S3623,18,36.4,62.4,76.8,7.4,1
S3624,18,66.1,74.4,51.0,7.0,1
S3625,16,68.7,51.3,55.8,6.8,1
S3626,16,29.1,44.8,92.3,4.1,1
S3627,16,72.0,60.3,62.4,2.8,1
S3628,16,73.1,39.3,65.6,3.8,1
S3629,17,55.3,48.8,53.5,5.4,0
S3630,17,78.8,75.1,83.8,6.1,1
S3631,17,77.0,58.9,71.0,0.7,1
S3632,15,61.5,31.7,55.7,5.0,1
S3633,18,53.2,32.8,53.1,5.3,0
S3634,16,45.4,60.3,68.7,4.4,0
S3635,16,59.4,70.1,65.5,7.6,1
S3636,17,68.5,35.4,75.0,5.8,1
S3637,16,55.1,64.3,71.6,7.6,1
S3638,16,27.0,76.6,61.8,4.6,1
S3639,18,79.0,84.4,58.5,6.9,1
S3640,17,62.9,62.6,63.1,8.3,1
S3641,18,54.3,65.1,58.4,7.6,1
S3642,15,72.9,28.1,63.4,2.8,0
S3643,15,82.9,87.4,65.2,4.5,1
S3644,15,18.0,49.9,54.2,4.3,1
S3645,17,66.5,44.9,72.6,6.0,1
S3646,16,38.6,54.4,60.6,6.4,0
S3647,17,67.5,79.2,54.9,3.3,1
S3648,17,61.9,88.9,60.8,5.1,1
S3649,16,69.5,59.8,67.9,1.0,1
S3650,18,52.5,72.0,66.0,7.9,1
S3651,15,31.9,58.6,70.1,4.0,1
S3652,18,53.2,43.5,75.8,5.1,0
S3653,15,66.1,78.7,80.7,4.4,1
S3654,17,75.2,49.3,68.4,7.3,0
S3655,15,42.4,79.5,52.2,0.0,1
S3656,17,75.4,76.2,61.8,5.0,1
S3657,18,50.3,66.6,52.9,4.8,1
S3658,17,65.4,83.6,85.4,4.1,1
S3659,18,52.4,89.3,88.8,8.5,0
S3660,16,62.7,55.5,72.8,3.2,1
S3661,16,73.4,46.7,75.3,6.5,0
S3662,16,41.6,31.9,68.0,5.7,0
S3663,17,49.8,89.4,69.4,7.5,0
S3664,16,62.8,51.8,45.8,3.7,1
S3665,15,96.0,73.9,64.1,3.5,1
S3666,18,47.1,47.6,54.4,7.2,1
S3667,18,90.6,79.5,68.4,5.9,1
S3668,15,90.1,48.2,64.3,1.9,1
S3669,17,58.5,41.3,88.4,3.9,1
S3670,17,55.5,55.1,76.0,5.8,1
S3671,18,49.6,50.6,68.4,6.7,1
S3672,16,59.0,66.3,61.8,3.6,1
S3673,17,38.9,57.3,85.1,0.0,1
S3674,17,58.9,66.8,64.6,6.0,1
S3675,15,82.5,53.9,69.0,2.6,1
S3676,15,50.8,48.7,65.5,1.0,1
S3677,16,56.4,49.8,60.2,0.0,1
S3678,17,34.5,86.6,65.4,6.6,0
S3679,17,65.6,61.2,41.5,5.3,1
S3680,15,64.0,30.2,46.4,4.5,0
S3681,17,61.0,50.7,69.2,7.8,0
S3682,18,56.7,59.4,83.8,6.3,1
S3683,15,55.6,83.8,69.2,8.2,1
S3684,16,67.5,72.4,56.4,2.2,1
S3685,15,59.6,45.1,47.7,4.9,1
S3686,17,64.7,91.9,74.4,1.8,1
S3687,16,63.2,57.6,58.2,4.5,0
S3688,15,76.9,75.4,72.7,4.5,1
S3689,18,70.2,41.8,69.7,6.3,1
S3690,18,62.9,24.4,70.7,5.1,0
S3691,15,82.8,38.3,65.4,6.2,1
S3692,18,66.3,12.5,69.6,6.4,1
S3693,18,79.6,87.6,63.6,9.3,0
S3694,18,69.1,61.0,57.4,4.4,1
S3695,16,32.4,45.1,53.4,3.1,0
S3696,18,79.6,64.3,36.4,5.5,0
S3697,18,62.0,60.7,62.8,3.4,1
S3698,18,59.2,66.7,83.2,8.0,1
S3699,16,64.2,74.9,73.8,4.4,1
S3700,15,54.8,53.9,67.7,3.9,0
S3701,17,63.4,45.7,56.2,4.1,0
S3702,18,51.1,69.6,77.0,6.4,1
S3703,15,79.1,69.2,63.6,4.7,1
S3704,18,58.3,59.4,83.9,3.7,1
S3705,16,54.3,88.5,53.2,8.3,0
S3706,15,46.1,51.9,56.0,3.3,0
S3707,16,64.0,45.4,54.8,5.1,1
S3708,18,62.8,63.9,47.2,6.3,1
S3709,18,65.8,48.6,53.8,1.7,0
S3710,16,44.6,64.9,66.2,6.0,1
S3711,17,36.0,46.3,56.5,2.9,1
S3712,16,69.4,52.4,18.7,6.6,0
S3713,18,82.3,84.5,77.9,3.1,1
S3714,16,44.6,52.3,44.8,6.4,0
S3715,17,83.8,46.8,72.1,7.2,1
S3716,16,64.3,74.4,65.4,6.7,1
S3717,17,59.9,43.3,90.4,5.5,1
S3718,17,54.0,48.3,77.0,4.5,0
S3719,16,39.2,66.1,58.9,3.8,0
S3720,16,74.8,71.1,56.6,7.9,1
S3721,15,48.4,75.1,83.0,3.6,1
S3722,18,48.3,47.5,47.3,2.9,0
S3723,17,74.9,66.3,67.3,6.3,1
S3724,15,31.8,51.5,63.4,3.4,1
S3725,16,37.1,49.5,60.9,3.1,0
S3726,18,59.7,74.8,69.2,2.1,0
S3727,15,64.4,50.3,67.3,4.0,1
S3728,17,67.3,61.9,70.5,4.8,1
S3729,15,55.5,60.2,66.7,5.5,1
S3730,17,98.0,43.0,70.0,6.9,1
S3731,16,56.6,71.5,66.1,6.1,1
S3732,18,56.5,65.8,57.1,4.6,1
S3733,18,48.0,30.2,65.0,4.6,1
S3734,18,61.9,61.9,56.4,6.0,0
S3735,16,69.2,47.2,55.6,7.5,1
S3736,17,78.1,73.4,61.0,5.3,1
S3737,16,37.7,37.8,63.6,4.1,0
S3738,18,56.3,53.0,65.4,3.0,1
S3739,16,66.7,63.1,76.0,2.1,1
S3740,16,68.8,58.8,59.0,6.3,0
S3741,16,60.1,68.7,67.4,6.2,1
S3742,17,68.1,36.7,66.4,6.2,0
S3743,15,47.9,81.1,57.7,4.7,1
S3744,15,83.4,65.4,65.9,7.8,1
S3745,16,74.9,77.0,77.0,4.0,1
S3746,15,39.8,70.2,67.2,6.9,1
S3747,15,43.9,57.8,67.7,4.9,0
S3748,16,44.3,40.0,56.5,3.8,0
S3749,16,70.2,50.1,88.6,6.2,1
S3750,18,40.7,80.3,57.2,5.8,1
S3751,15,55.0,77.4,45.0,5.7,1
S3752,17,66.8,49.3,75.3,5.2,0
S3753,16,59.0,18.5,63.6,4.9,1
S3754,18,63.9,55.0,61.4,9.8,0
S3755,17,44.0,54.0,58.5,7.4,0
S3756,15,68.9,54.5,87.5,6.4,1
S3757,18,50.8,65.4,69.3,5.2,1
S3758,16,55.1,70.3,71.6,7.0,1
S3759,17,63.6,71.9,67.0,6.0,1
S3760,16,61.5,64.2,68.2,5.1,1
S3761,15,60.4,32.8,81.8,4.4,1
S3762,17,48.7,53.2,62.0,4.8,1
S3763,15,55.5,90.3,47.5,0.0,1
S3764,15,60.0,63.2,75.4,5.4,1
S3765,18,39.4,63.1,71.0,4.0,1
S3766,16,53.1,63.0,66.3,8.2,1
S3767,17,65.8,63.8,70.6,5.0,1
S3768,15,40.8,24.6,60.6,2.6,0
S3769,15,77.3,54.6,65.2,4.9,1
S3770,17,79.0,57.5,63.4,2.9,1
S3771,15,41.3,75.9,57.9,5.9,1
S3772,18,80.4,58.7,79.3,5.6,0
S3773,18,57.8,34.9,48.1,6.9,1
S3774,18,66.3,64.0,93.3,3.4,0
S3775,18,52.6,46.7,75.5,5.1,0
S3776,15,73.8,41.0,43.7,2.3,0
S3777,17,66.1,46.3,62.3,6.4,0
S3778,17,47.8,65.6,63.0,6.0,1
S3779,17,42.5,75.6,69.7,6.0,1
S3780,17,38.1,64.8,53.1,5.0,1
S3781,16,62.8,66.8,65.4,5.8,1
S3782,17,68.6,64.6,63.5,8.2,1
S3783,16,69.8,59.4,56.1,4.4,1
S3784,16,58.2,67.8,54.5,5.3,1
S3785,18,42.6,24.1,76.0,2.8,1
S3786,16,49.8,59.6,44.6,3.3,1
S3787,15,77.3,43.4,70.7,5.2,1
S3788,16,52.7,74.3,74.6,7.2,0
S3789,18,62.2,55.9,62.4,4.5,1
S3790,16,43.9,58.4,65.6,4.5,1
S3791,15,65.0,36.9,79.0,4.2,1
S3792,15,53.1,72.2,56.5,3.9,0
S3793,15,75.7,66.8,57.8,5.6,1
S3794,18,71.6,65.8,59.1,2.0,0
S3795,18,52.6,46.6,79.0,7.6,1
S3796,17,58.1,47.2,80.5,3.7,1
S3797,18,51.7,61.1,48.2,6.4,0
S3798,15,38.7,48.3,77.1,2.5,0
S3799,15,47.1,64.1,74.8,6.3,1
S3800,18,63.0,27.7,83.6,6.3,1
S3801,16,64.9,51.2,69.6,5.8,1
S3802,18,62.2,83.2,64.5,3.0,1
S3803,18,55.5,64.2,78.7,5.5,1
S3804,15,74.0,60.3,73.4,2.6,1
S3805,17,61.0,85.8,91.9,4.5,1
S3806,15,70.5,25.3,76.5,7.1,0
S3807,17,33.4,46.6,66.8,6.6,1
S3808,15,1.2,52.4,50.9,5.0,0
S3809,18,64.3,70.0,58.0,3.1,1
S3810,15,38.6,70.3,47.8,6.3,1
S3811,15,56.8,45.9,62.4,5.0,0
S3812,15,55.5,72.0,76.1,0.4,1
S3813,18,83.8,52.4,65.0,6.6,0
S3814,18,66.0,75.0,77.3,5.0,1
S3815,18,62.5,43.5,69.1,7.4,1
S3816,18,72.6,56.3,60.2,2.8,0
S3817,17,65.5,51.1,66.1,0.0,0
S3818,17,53.1,72.8,70.7,5.6,1
S3819,16,76.1,50.7,66.7,5.6,1
S3820,18,43.4,57.4,66.8,1.6,1
S3821,17,64.8,65.1,55.8,3.0,1
S3822,15,36.8,65.6,59.8,10.5,0
S3823,18,63.1,70.4,92.1,4.4,1
S3824,16,62.9,61.0,79.7,6.5,1
S3825,16,85.1,52.1,47.3,3.7,1
S3826,16,36.5,53.1,36.6,0.8,0
S3827,15,51.0,58.4,65.9,4.7,0
S3828,17,72.3,61.5,75.7,4.5,1
S3829,15,65.0,55.9,58.8,4.2,1
S3830,18,62.7,58.3,77.3,4.8,0
S3831,16,45.7,36.8,65.7,5.5,0
S3832,15,51.1,67.3,63.0,4.7,1
S3833,15,78.7,60.5,74.1,2.5,1
S3834,17,59.2,72.0,58.6,6.0,1
S3835,17,65.6,58.0,61.6,1.1,1
S3836,16,58.3,33.7,73.0,0.9,0
S3837,15,42.3,53.0,64.6,6.5,1
S3838,15,74.0,55.2,87.9,6.0,1
S3839,17,67.5,68.4,73.3,4.9,1
S3840,15,94.6,29.0,72.5,2.2,1
S3841,15,44.8,58.6,64.4,3.6,1
S3842,15,72.3,65.2,75.5,4.5,1
S3843,17,40.3,48.7,61.1,1.8,1
S3844,16,62.4,59.0,68.4,3.5,1
S3845,18,74.6,49.2,54.0,6.3,1
S3846,16,28.9,47.8,77.5,7.9,0
S3847,18,56.9,52.3,68.5,4.2,1
S3848,15,51.6,48.1,88.8,6.5,1
S3849,16,49.5,67.6,93.7,1.2,1
S3850,18,65.8,47.7,74.2,6.3,1
S3851,17,76.8,45.4,65.8,3.4,1
S3852,17,58.0,82.8,53.6,5.6,1
S3853,16,63.1,71.5,75.9,4.5,1
S3854,16,61.7,31.9,67.5,7.6,1
S3855,15,60.0,47.3,71.5,3.3,1
S3856,16,43.7,61.4,85.8,6.3,1
S3857,15,76.6,62.5,55.1,4.4,0
S3858,15,64.4,37.1,53.9,4.7,1
S3859,17,65.9,74.2,62.2,4.6,1
S3860,17,47.9,69.6,74.9,3.3,0
S3861,18,53.1,64.7,71.7,5.0,1
S3862,17,57.4,77.0,54.3,4.9,1
S3863,17,37.0,64.3,74.1,5.5,1
S3864,16,34.7,64.3,50.6,5.2,1
S3865,17,51.0,79.8,54.9,6.6,1
S3866,18,67.8,73.4,63.6,6.8,1
S3867,16,50.2,46.2,58.4,2.9,0
S3868,18,44.7,66.9,75.7,6.7,0
S3869,17,47.8,48.7,68.4,2.6,0
S3870,18,53.2,65.1,86.2,6.2,1
S3871,16,54.7,64.7,62.0,6.2,1
S3872,15,92.5,38.6,63.5,1.2,0
S3873,18,75.8,56.3,79.5,5.2,1
S3874,18,75.4,61.7,63.9,4.1,1
S3875,16,77.5,51.9,82.9,3.5,1
S3876,16,45.0,62.4,71.5,7.7,0
S3877,18,41.7,69.3,36.8,3.7,0
S3878,17,43.4,57.6,79.1,3.4,1
S3879,18,80.0,61.1,76.0,5.2,1
S3880,16,51.8,77.4,76.4,6.4,1
S3881,15,41.2,64.6,42.1,4.7,0
S3882,15,53.5,60.8,57.0,7.3,1
S3883,17,56.4,44.6,57.9,6.1,0
S3884,18,64.0,67.4,54.9,0.6,1
S3885,15,63.8,62.6,85.9,3.9,1
S3886,18,47.6,76.0,64.9,3.9,1
S3887,16,70.3,58.7,64.6,6.0,1
S3888,15,50.4,32.6,71.6,0.0,1
S3889,17,57.7,34.2,71.8,10.1,0
S3890,16,70.3,68.3,25.0,6.1,0
S3891,17,50.4,50.0,57.2,5.3,1
S3892,16,51.5,64.1,48.0,7.4,1
S3893,15,68.9,59.6,69.8,9.7,0
S3894,17,47.1,55.7,61.5,6.7,1
S3895,17,54.2,56.7,65.2,6.9,1
S3896,16,68.3,45.9,40.1,5.3,0
S3897,17,90.8,57.8,61.3,4.7,1
S3898,16,69.1,49.8,78.4,4.0,1
S3899,16,67.1,52.8,81.9,3.3,0
S3900,16,68.0,53.5,73.6,3.6,1
S3901,16,43.9,54.8,49.0,2.3,0
S3902,15,61.7,70.9,80.1,4.8,1
S3903,16,59.6,56.2,73.7,1.6,1
S3904,18,64.8,72.3,63.6,5.4,1
S3905,17,61.7,79.5,40.7,4.9,1
S3906,18,65.7,70.0,76.4,5.3,1
S3907,15,55.3,65.5,57.9,4.0,0
S3908,18,60.9,62.6,69.2,11.2,1
S3909,17,41.6,70.1,65.8,7.7,0
S3910,18,55.2,59.3,83.5,2.5,1
S3911,15,80.9,71.8,63.5,5.5,1
S3912,16,64.8,66.6,64.8,3.8,1
S3913,18,59.7,53.0,83.9,3.0,1
S3914,15,88.4,70.5,57.1,2.3,1
S3915,15,39.6,59.3,74.8,5.9,1
S3916,17,43.4,56.5,62.6,3.6,0
S3917,17,85.7,51.3,53.0,6.9,1
S3918,18,60.7,60.3,65.0,7.0,1
S3919,16,56.4,72.0,73.3,7.7,1
S3920,15,42.0,70.4,81.2,3.3,1
S3921,18,66.7,62.9,82.7,6.0,1
S3922,15,68.2,66.4,61.5,6.3,1
S3923,15,43.6,75.8,53.2,4.1,0
S3924,16,57.9,55.9,61.2,3.5,1
S3925,16,55.0,42.4,50.8,8.2,1
S3926,18,63.8,76.2,62.4,5.5,0
S3927,16,43.2,50.6,60.9,6.3,1
S3928,16,78.8,48.3,73.7,3.4,1
S3929,18,73.7,32.9,38.5,2.6,0
S3930,16,54.6,66.0,56.2,3.9,1
S3931,17,56.8,35.3,56.3,4.8,1
S3932,15,58.0,47.5,79.2,2.9,1
S3933,15,48.3,66.2,51.6,5.0,0
S3934,15,53.3,68.1,67.7,1.6,1
S3935,15,55.9,48.9,63.5,2.8,1
S3936,18,84.2,56.1,77.5,6.3,1
S3937,15,74.2,45.8,72.1,6.2,1
S3938,15,74.0,50.3,66.5,4.2,1
S3939,15,65.5,61.7,58.3,3.0,0
S3940,15,43.2,51.0,42.8,2.9,0
S3941,17,59.4,54.6,68.0,4.3,1
S3942,15,74.6,37.5,71.4,6.3,0
S3943,17,41.1,73.9,46.1,6.9,0
S3944,18,69.5,65.1,50.2,4.0,0
S3945,16,94.8,69.1,68.0,2.7,1
S3946,15,75.9,76.1,69.1,5.5,1
S3947,16,81.2,46.4,53.1,3.4,1
S3948,16,63.3,53.0,58.1,4.0,0
S3949,18,74.5,31.5,43.0,7.7,0
S3950,16,49.2,100.0,81.5,6.7,1
S3951,17,71.9,55.9,49.4,5.3,1
S3952,16,69.8,72.5,71.5,2.5,1
S3953,16,64.3,40.7,64.6,5.4,1
S3954,16,79.7,71.9,80.5,7.1,1
S3955,15,51.9,84.0,55.5,4.2,1
S3956,15,57.2,57.2,65.7,7.7,0
S3957,17,61.4,43.8,44.6,7.6,1
S3958,17,44.6,56.1,41.7,8.3,0
S3959,15,63.4,26.8,72.2,5.6,1
S3960,17,34.2,57.5,43.6,6.2,1
S3961,15,75.7,69.5,62.3,7.8,1
S3962,18,60.7,57.5,77.1,5.9,1
S3963,16,52.2,54.0,74.0,4.0,1
S3964,16,47.5,65.4,57.0,4.1,0
S3965,17,56.5,66.5,45.9,5.5,1
S3966,15,70.3,34.8,71.1,2.4,0
S3967,15,68.2,59.2,81.1,4.7,1
S3968,17,49.4,92.1,57.1,7.2,1
S3969,15,47.3,39.3,55.4,0.6,1
S3970,18,69.9,56.8,58.7,8.1,1
S3971,16,49.2,85.2,71.9,7.2,1
S3972,17,60.9,73.5,79.7,4.1,1
S3973,17,61.9,50.8,50.1,6.1,1
S3974,15,64.7,60.9,47.0,5.0,1
S3975,17,72.9,58.0,93.1,7.5,1
S3976,18,41.1,47.5,62.9,7.0,1
S3977,15,31.3,57.0,68.0,2.2,1
S3978,15,51.5,54.1,56.7,6.2,0
S3979,15,87.0,59.6,70.9,4.6,1
S3980,15,90.3,47.5,76.5,5.2,1
S3981,18,87.5,40.1,68.6,3.5,1
S3982,15,57.1,57.4,85.9,8.5,1
S3983,17,33.3,82.0,61.1,7.1,1
S3984,18,24.9,59.2,61.8,3.5,0
S3985,16,50.8,53.4,67.8,2.3,0
S3986,16,57.0,68.6,70.6,4.2,1
S3987,17,79.5,55.8,67.7,5.9,1
S3988,17,73.0,84.2,49.6,5.5,1
S3989,18,63.4,57.9,68.8,7.5,1
S3990,16,46.7,67.8,60.5,6.6,0
S3991,16,45.6,47.4,58.0,6.9,0
S3992,16,63.8,65.0,65.4,5.7,1
S3993,16,70.5,61.9,53.5,2.2,0
S3994,16,65.9,57.2,51.4,4.6,1
S3995,15,44.5,51.0,33.6,7.1,0
S3996,17,69.8,49.1,86.0,4.9,1
S3997,15,66.4,62.0,71.7,6.0,1
S3998,16,43.9,66.8,63.6,4.4,0
S3999,18,48.2,56.2,57.0,2.9,0
S4000,18,70.3,62.0,30.5,4.8,1
S4001,16,56.5,57.5,56.3,5.6,1
S4002,16,83.8,59.4,73.6,3.7,1
S4003,18,67.5,55.2,76.3,4.5,1
S4004,15,52.7,58.3,72.7,3.1,1
S4005,15,59.8,95.8,66.9,7.2,1
S4006,16,61.0,62.4,80.6,4.4,1
S4007,15,49.1,67.0,61.1,7.9,0
S4008,18,46.3,64.1,78.0,8.1,0
S4009,15,70.5,54.3,60.4,4.8,1
S4010,16,72.7,76.1,54.4,3.0,1
S4011,18,69.1,53.9,52.9,0.8,0
S4012,15,82.7,72.8,52.2,2.1,1
S4013,17,51.9,53.3,72.9,2.3,1
S4014,18,85.1,44.6,56.1,7.8,1
S4015,18,46.5,63.1,52.6,5.2,0
S4016,17,44.8,42.5,73.6,5.8,0
S4017,17,33.6,65.5,68.9,0.6,0
S4018,18,53.3,41.3,76.6,2.6,1
S4019,17,52.4,53.5,71.2,6.8,0
S4020,16,67.9,38.0,56.0,5.6,1
S4021,16,63.7,97.5,65.9,4.7,1
S4022,16,42.1,34.8,66.5,6.1,1
S4023,18,54.1,58.1,54.0,8.3,0
S4024,17,54.4,74.0,51.7,4.6,1
S4025,17,33.4,72.5,56.8,5.1,0
S4026,15,45.3,69.9,89.4,5.4,1
S4027,15,48.4,53.6,60.0,9.8,1
S4028,17,81.5,76.9,79.8,0.8,1
S4029,17,62.9,70.8,59.4,6.4,1
S4030,17,69.9,61.0,75.7,4.8,1
S4031,18,37.5,61.4,75.8,6.1,0
S4032,17,77.9,53.7,76.4,3.7,1
S4033,15,79.5,45.3,69.7,4.9,1
S4034,18,30.0,75.3,81.5,6.4,1
S4035,17,49.4,76.4,69.5,11.2,0
S4036,15,67.4,45.6,85.6,6.6,1
S4037,18,69.7,55.8,45.6,3.3,1
S4038,17,49.8,56.0,69.2,4.2,0
S4039,17,55.4,57.5,68.4,4.1,1
S4040,17,51.0,58.9,53.8,1.4,0
S4041,18,61.7,71.3,72.0,4.3,1
S4042,15,78.0,47.5,47.1,6.5,1
S4043,15,48.4,46.2,57.1,2.5,1
S4044,16,75.0,75.3,41.0,7.1,0
S4045,17,48.3,51.5,83.7,6.0,1
S4046,16,47.3,40.3,62.2,3.5,1
S4047,16,72.3,51.2,91.0,4.7,1
S4048,15,73.8,53.4,74.6,8.2,1
S4049,18,72.8,79.8,70.4,6.5,1
S4050,18,40.3,70.9,58.0,5.0,1
S4051,15,53.0,74.1,52.4,4.5,1
S4052,18,72.3,69.5,71.3,5.2,1
S4053,16,60.6,71.2,64.1,4.0,1
S4054,17,43.9,48.4,48.9,0.8,0
S4055,15,66.9,55.2,46.8,9.1,0
S4056,17,49.3,44.1,53.5,5.3,0
S4057,18,86.9,55.1,86.9,5.8,1
S4058,17,83.2,67.6,91.6,4.9,1
S4059,18,69.1,59.9,67.5,3.5,1
S4060,18,80.4,76.4,66.8,4.6,1
S4061,16,61.0,42.0,61.0,1.8,1
S4062,18,71.5,65.0,53.8,9.6,1
S4063,16,82.2,40.5,81.5,2.5,1
S4064,16,63.7,59.3,87.5,2.9,1
S4065,16,56.2,68.4,54.3,4.1,1
S4066,15,34.4,55.0,64.0,7.6,0
S4067,15,58.8,65.7,59.6,5.0,1
S4068,18,72.4,44.6,60.0,2.5,1
S4069,16,74.2,34.7,79.2,7.5,1
S4070,15,67.6,65.8,49.3,6.5,1
S4071,16,51.9,82.4,70.6,6.1,1
S4072,17,30.3,44.1,73.7,6.4,0
S4073,17,52.6,75.1,63.3,9.8,1
S4074,17,55.4,58.6,75.7,9.4,1
S4075,18,55.3,39.3,66.8,3.6,1
S4076,16,69.3,42.2,79.6,8.2,1
S4077,17,89.8,58.2,46.7,5.8,0
S4078,15,61.9,52.3,60.8,6.0,1
S4079,17,56.7,39.6,64.1,1.6,1
S4080,17,56.1,34.3,32.9,4.7,1
S4081,17,61.9,46.1,52.0,3.4,1
S4082,18,47.6,60.7,55.2,6.7,0
S4083,15,61.8,57.9,76.4,7.1,1
S4084,16,66.8,51.0,56.5,0.9,1
S4085,15,63.1,60.8,55.2,5.0,1
S4086,16,66.9,72.6,74.8,7.2,1
S4087,18,66.5,63.5,45.6,4.6,0
S4088,18,33.4,56.3,40.1,6.5,0
S4089,18,69.6,71.0,60.7,5.7,1
S4090,18,49.9,44.6,47.6,5.7,1
S4091,16,43.6,54.9,48.1,4.5,0
S4092,17,43.4,55.2,71.9,2.6,0
S4093,16,66.5,40.7,75.5,2.8,0
S4094,15,56.7,52.1,74.5,6.4,1
S4095,18,34.8,29.0,78.3,5.0,1
S4096,18,67.2,84.8,79.9,4.7,1
S4097,15,38.4,44.9,39.5,4.2,1
S4098,16,62.1,80.2,70.4,4.4,1
S4099,17,63.6,58.5,58.6,7.1,1
S4100,17,73.3,65.9,56.0,4.3,1
S4101,15,86.7,51.2,71.7,2.3,1
S4102,17,39.5,60.9,44.2,6.5,1
S4103,16,59.2,67.1,44.0,4.6,0
S4104,16,55.9,67.3,72.6,5.1,1
S4105,15,66.5,68.8,70.9,8.2,0
S4106,16,63.2,52.8,66.6,5.0,0
S4107,18,54.7,51.3,54.4,5.6,0
S4108,15,53.4,35.7,73.9,2.6,0
S4109,16,43.3,65.3,73.2,4.6,1
S4110,15,74.8,73.2,66.0,6.2,1
S4111,17,66.9,80.6,50.9,1.9,0
S4112,16,73.8,62.3,59.9,5.4,1
S4113,18,55.3,47.3,75.1,5.2,1
S4114,16,50.1,34.2,80.9,5.1,0
S4115,15,43.8,72.6,61.1,7.1,1
S4116,15,65.4,32.9,62.0,5.7,0
S4117,16,44.4,53.2,63.1,8.0,1
S4118,18,87.7,54.9,68.3,3.0,1
S4119,18,40.4,57.0,58.0,5.3,1
S4120,18,64.1,58.5,30.3,5.2,0
S4121,15,83.5,59.9,79.3,2.9,1
S4122,16,69.0,24.2,86.5,6.9,0
S4123,17,62.6,58.2,57.7,9.6,1
S4124,15,45.5,26.8,52.2,5.0,1
S4125,18,39.3,68.3,63.4,6.0,1
S4126,16,71.6,50.2,62.7,5.2,1
S4127,18,82.6,27.8,76.9,3.6,1
S4128,17,53.4,46.6,65.7,1.4,1
S4129,18,42.9,50.0,55.5,3.6,1
S4130,18,23.1,74.7,49.2,2.2,1
S4131,17,45.3,60.8,75.4,8.4,0
S4132,16,58.3,62.8,72.2,4.8,1
S4133,15,84.0,74.5,77.7,4.3,1
S4134,16,70.1,56.7,53.4,6.8,1
S4135,17,64.6,68.6,87.1,2.8,1
S4136,18,54.0,67.6,44.1,3.5,0
S4137,16,51.3,40.0,73.5,5.1,0
S4138,15,81.1,78.6,42.1,7.1,1
S4139,17,63.0,38.1,55.5,6.0,0
S4140,16,28.5,70.8,83.7,5.5,0
S4141,15,49.9,36.8,75.0,5.2,0
S4142,17,47.1,66.4,58.4,5.8,1
S4143,15,51.8,84.1,58.8,5.4,0
S4144,17,68.4,55.0,66.2,2.9,1
S4145,18,58.4,54.4,71.2,5.1,1
S4146,16,58.8,66.5,80.0,2.9,1
S4147,15,79.7,53.4,59.5,5.2,1
S4148,17,49.6,83.5,45.7,4.0,1
S4149,15,88.0,60.7,66.9,10.1,1
S4150,15,49.9,53.5,59.5,4.9,0
S4151,16,61.3,50.4,49.4,2.2,1
S4152,18,55.8,44.9,68.6,4.7,0
S4153,15,61.9,49.2,62.4,6.0,1
S4154,17,66.7,53.1,68.7,8.3,0
S4155,17,66.5,51.2,54.3,3.8,1
S4156,18,48.7,48.8,70.8,1.8,1
S4157,17,43.2,87.4,49.2,6.6,0
S4158,18,97.5,43.6,55.1,2.2,1
S4159,17,52.7,60.1,62.1,4.1,1
S4160,16,70.5,66.3,85.9,4.5,1
S4161,15,35.9,66.8,74.4,4.9,1
S4162,16,55.8,57.2,77.9,6.4,1
S4163,15,58.1,54.6,82.0,3.6,1
S4164,15,67.1,64.3,100.0,4.5,0
S4165,15,19.2,61.7,65.5,5.0,1
S4166,16,62.5,54.4,82.0,5.3,1
S4167,15,42.8,36.1,77.2,5.2,0
S4168,16,64.9,51.4,77.0,5.9,1
S4169,18,44.5,41.9,86.3,6.7,0
S4170,17,47.2,48.7,60.0,5.8,1
S4171,17,55.9,58.5,59.0,5.9,1
S4172,15,44.2,63.0,68.8,1.8,1
S4173,16,52.9,82.9,62.8,5.1,0
S4174,17,42.1,50.5,68.8,6.0,1
S4175,16,32.5,68.8,83.8,6.5,1
S4176,16,75.3,62.3,59.3,3.6,0
S4177,15,40.6,76.1,61.3,3.7,0
S4178,17,57.3,66.1,67.1,3.9,1
S4179,15,71.3,43.9,62.3,6.1,0
S4180,15,50.8,33.9,42.0,7.1,0
S4181,17,47.6,62.4,58.0,4.2,1
S4182,17,63.4,50.6,73.2,6.8,1
S4183,18,76.8,44.3,82.3,5.2,1
S4184,18,42.5,40.3,51.1,4.8,1
S4185,16,57.7,60.3,51.1,4.6,1
S4186,17,34.0,79.1,65.4,6.5,1
S4187,18,54.1,52.3,40.1,5.7,1
S4188,16,60.5,66.3,59.7,9.6,1
S4189,16,47.2,56.6,44.2,3.3,0
S4190,16,53.1,39.9,81.4,6.0,0
S4191,18,38.9,68.3,55.8,3.9,1
S4192,17,61.2,42.7,84.8,3.3,0
S4193,15,75.8,58.3,78.4,5.0,1
S4194,16,43.5,53.2,57.2,5.3,1
S4195,18,50.7,70.5,52.1,10.8,1
S4196,18,67.5,43.2,62.7,4.6,1
S4197,15,78.2,63.5,63.7,2.7,1
S4198,15,37.6,46.2,69.2,5.5,0
S4199,18,57.5,50.8,55.7,0.9,1
S4200,17,64.2,7.1,74.0,4.8,1
S4201,15,58.5,87.3,68.2,5.0,1
S4202,18,22.8,65.7,60.9,6.6,1
S4203,15,67.5,47.3,56.5,6.9,0
S4204,17,82.8,42.3,62.8,4.0,1
S4205,16,61.7,51.1,55.2,4.7,1
S4206,15,44.5,68.0,65.7,3.5,0
S4207,17,52.3,31.5,66.0,2.7,1
S4208,18,86.5,56.0,68.1,5.6,0
S4209,15,73.6,82.8,86.2,2.5,1
S4210,15,69.6,42.1,63.4,4.2,1
S4211,18,65.3,59.1,77.1,3.0,1
S4212,16,50.1,88.8,67.8,6.1,1
S4213,18,57.0,66.9,62.1,8.6,0
S4214,15,58.8,59.8,63.6,2.4,1
S4215,18,68.2,65.1,64.3,1.3,0
S4216,17,82.6,52.4,68.4,4.8,1
S4217,18,76.8,76.2,53.5,5.0,0
S4218,15,38.7,52.4,47.4,5.4,0
S4219,18,63.4,30.6,72.9,4.1,1
S4220,16,71.1,52.5,75.8,4.6,1
S4221,18,69.3,44.5,73.9,5.7,0
S4222,16,50.6,54.1,66.9,7.1,1
S4223,17,100.0,54.4,74.2,1.1,1
S4224,16,40.8,74.8,73.6,4.3,1
S4225,18,43.8,67.7,74.5,5.4,1
S4226,15,63.5,61.7,54.7,3.2,1
S4227,16,91.8,58.0,51.8,8.5,1
S4228,17,47.5,43.2,60.3,3.7,1
S4229,16,56.0,27.5,64.8,4.9,0
S4230,16,76.2,59.6,62.1,6.1,1
S4231,16,59.7,69.1,42.5,3.8,1
S4232,17,55.0,56.5,85.7,1.3,0
S4233,18,68.5,50.5,61.7,4.1,0
S4234,16,64.1,64.5,67.1,7.1,0
S4235,16,75.5,56.8,79.9,4.3,1
S4236,15,79.4,81.6,36.9,3.3,1
S4237,17,64.6,75.3,58.9,6.9,1
S4238,16,64.4,71.4,60.4,4.3,1
S4239,17,63.2,68.6,61.0,4.0,1
S4240,16,67.3,39.9,62.9,5.3,1
S4241,18,60.8,67.3,82.4,6.5,0
S4242,18,60.0,63.3,73.1,9.8,1
S4243,16,77.9,66.5,76.5,6.7,0
S4244,18,82.7,64.9,65.6,7.3,1
S4245,16,37.4,64.3,48.2,4.0,0
S4246,18,60.2,95.8,40.0,2.9,1
S4247,15,49.7,56.9,46.6,5.1,0
S4248,15,55.3,71.1,69.3,5.2,1
S4249,15,66.0,51.4,65.4,2.8,0
S4250,17,70.0,69.1,62.5,4.6,1
S4251,17,58.3,71.2,60.6,5.8,1
S4252,15,31.3,63.1,89.1,5.7,1
S4253,17,45.5,81.4,55.1,6.0,1
S4254,18,73.4,45.6,76.1,5.6,0
S4255,16,18.9,51.2,65.0,4.0,1
S4256,16,77.8,61.0,64.3,4.0,1
S4257,16,67.8,70.3,79.1,2.6,1
S4258,15,79.7,60.5,82.6,8.6,0
S4259,17,57.0,76.0,62.1,5.0,0
S4260,18,29.1,48.7,74.6,4.6,1
S4261,18,66.5,42.0,69.4,3.1,1
S4262,15,79.1,62.3,65.1,10.9,1
S4263,18,73.9,56.9,67.5,2.9,1
S4264,18,50.1,65.6,56.7,4.1,1
S4265,18,61.3,57.6,61.3,5.8,1
S4266,18,52.0,53.2,58.0,6.2,1
S4267,17,47.7,57.0,75.8,6.9,1
S4268,18,74.3,58.4,63.9,8.6,1
S4269,16,42.0,53.7,49.4,6.0,1
S4270,15,46.6,55.2,56.3,2.9,0
S4271,17,43.4,52.3,26.6,4.5,0
S4272,18,37.6,70.0,59.1,5.6,1
S4273,17,62.2,60.7,65.5,9.1,1
S4274,18,77.4,89.6,63.4,2.2,1
S4275,16,57.2,60.2,88.8,7.4,1
S4276,15,37.4,50.3,71.9,5.4,0
S4277,18,72.6,95.4,71.4,6.7,1
S4278,18,85.3,63.8,45.3,4.8,1
S4279,18,50.3,71.9,60.6,3.3,1
S4280,18,52.8,66.3,59.2,6.5,1
S4281,15,67.7,66.7,55.6,6.3,1
S4282,15,84.3,65.5,55.4,6.9,1
S4283,16,52.2,42.6,43.3,5.0,0
S4284,15,40.0,63.1,49.7,3.8,0
S4285,18,69.5,39.5,75.5,1.9,1
S4286,16,72.0,55.6,63.3,6.6,1
S4287,16,60.1,47.8,58.9,5.8,1
S4288,16,51.6,63.0,64.9,3.1,1
S4289,18,74.9,62.7,79.0,3.9,1
S4290,17,67.9,64.7,65.1,4.1,1
S4291,18,48.5,62.0,71.5,2.0,1
S4292,15,60.7,49.5,54.8,3.4,1
S4293,15,39.7,54.3,57.6,2.7,0
S4294,18,70.3,70.9,69.2,4.2,1
S4295,18,56.1,72.9,87.7,3.5,1
S4296,16,53.5,41.9,82.2,1.7,1
S4297,18,59.5,36.6,72.0,9.0,1
S4298,16,60.6,47.8,66.8,7.5,0
S4299,15,73.4,72.6,81.8,3.4,0
S4300,16,68.9,75.0,74.5,5.5,1
S4301,18,57.7,45.1,37.5,5.8,1
S4302,15,71.5,62.3,52.4,7.4,1
S4303,17,66.0,83.7,69.1,3.4,1
S4304,16,53.6,63.8,43.6,7.2,0
S4305,15,58.1,77.9,54.2,3.9,0
S4306,16,57.8,72.0,56.6,2.3,1
S4307,15,67.6,45.3,61.9,6.4,0
S4308,15,54.5,55.3,61.6,7.6,0
S4309,16,54.1,58.5,61.5,10.2,0
S4310,17,89.5,59.5,74.9,2.6,1
S4311,15,74.1,70.8,61.8,6.4,0
S4312,15,48.6,63.7,60.4,4.2,1
S4313,15,68.6,16.9,48.8,6.6,1
S4314,17,61.8,39.6,77.3,2.1,0
S4315,17,65.9,27.4,56.9,2.5,0
S4316,18,62.1,60.5,52.0,3.4,1
S4317,16,77.8,61.4,67.6,5.2,1
S4318,17,65.2,62.0,55.8,3.7,1
S4319,16,59.1,44.6,58.7,6.3,1
S4320,18,75.6,67.4,68.1,7.1,1
S4321,16,63.5,68.0,61.1,6.2,1
S4322,17,61.8,40.4,92.7,8.2,1
S4323,16,64.7,37.5,64.1,5.8,1
S4324,17,58.6,58.0,72.4,2.6,1
S4325,16,60.1,83.1,41.7,7.7,1
S4326,17,51.2,81.8,54.7,3.8,1
S4327,17,48.7,65.9,52.0,6.8,1
S4328,16,45.0,47.8,53.5,8.1,0
S4329,18,39.1,70.4,70.0,5.9,1
S4330,15,46.8,51.7,77.4,2.0,1
S4331,18,57.4,47.3,69.1,3.2,1
S4332,16,61.5,28.0,62.3,7.6,1
S4333,18,55.9,59.4,57.4,4.7,1
S4334,17,24.7,49.2,78.4,5.2,0
S4335,15,83.6,59.4,89.9,6.5,1
S4336,16,76.3,25.8,66.6,6.4,0
S4337,16,66.7,60.4,76.3,5.6,1
S4338,16,88.6,24.0,69.1,4.6,1
S4339,15,45.3,73.2,74.1,4.4,1
S4340,17,88.3,65.3,51.0,6.7,0
S4341,16,45.5,54.1,59.1,6.1,1
S4342,18,63.6,65.9,69.7,4.5,1
S4343,16,40.9,44.3,79.5,7.2,0
S4344,16,60.2,59.0,55.2,4.7,1
S4345,16,65.8,69.1,40.6,3.3,0
S4346,16,57.7,14.7,59.0,3.5,1
S4347,17,70.7,51.7,77.1,3.0,1
S4348,18,61.5,57.7,46.0,4.5,1
S4349,17,52.2,55.3,50.9,7.5,1
S4350,18,51.5,78.4,66.9,3.4,1
S4351,16,72.2,42.3,63.6,5.4,1
S4352,15,50.2,49.3,72.1,3.7,1
S4353,17,73.7,31.2,50.3,4.5,0
S4354,15,78.3,79.1,61.1,2.0,1
S4355,17,35.0,54.6,79.3,4.6,0
S4356,16,77.0,51.9,50.7,4.6,1
S4357,17,90.9,57.3,82.7,6.1,1
S4358,16,63.8,66.9,52.2,5.4,1
S4359,17,69.0,62.9,75.2,2.6,1
S4360,16,75.6,95.1,60.5,7.2,1
S4361,16,55.9,64.4,51.3,5.4,1
S4362,18,62.7,51.5,59.0,5.4,1
S4363,16,40.3,50.1,71.5,5.0,1
S4364,18,62.1,52.5,64.9,4.0,1
S4365,16,67.5,37.0,78.4,5.4,1
S4366,15,67.7,58.6,82.2,6.0,1
S4367,16,76.0,69.0,50.8,1.5,1
S4368,15,48.4,49.4,49.9,3.9,0
S4369,15,52.0,46.7,49.3,4.5,1
S4370,16,88.4,79.2,54.2,5.5,1
S4371,15,57.7,38.0,78.3,7.4,1
S4372,18,63.0,29.1,71.7,3.5,1
S4373,17,59.0,41.9,58.5,4.0,0
S4374,16,47.7,36.4,64.9,4.0,0
S4375,15,84.4,63.4,81.9,3.4,1
S4376,16,52.1,53.0,87.9,4.3,1
S4377,18,43.1,54.9,68.1,6.5,0
S4378,16,53.2,74.1,33.1,2.9,1
S4379,16,30.0,48.3,68.6,5.9,1
S4380,15,50.2,68.9,76.2,1.6,1
S4381,18,45.5,79.2,67.7,3.9,1
S4382,17,69.3,51.6,73.7,4.3,1
S4383,17,49.9,68.3,69.3,8.3,1
S4384,15,73.3,54.6,50.2,4.5,1
S4385,16,81.0,70.9,54.4,0.6,1
S4386,15,71.7,36.0,61.1,1.0,0
S4387,15,56.8,35.0,77.8,5.1,0
S4388,15,62.1,52.5,55.8,6.2,1
S4389,16,37.1,45.6,70.5,5.8,0
S4390,18,58.0,50.8,68.6,5.3,0
S4391,15,47.1,54.9,84.0,7.3,0
S4392,16,70.4,68.1,64.5,3.9,1
S4393,18,98.6,52.3,43.9,6.8,1
S4394,15,67.5,46.5,72.8,1.7,1
S4395,17,30.1,53.1,90.7,3.2,1
S4396,18,54.6,47.2,73.5,1.4,1
S4397,15,61.8,44.9,55.5,4.5,0
S4398,18,61.3,35.4,52.0,4.9,1
S4399,18,49.0,59.0,53.6,5.2,0
S4400,18,63.7,50.0,89.0,5.1,1
S4401,18,41.4,71.5,61.1,3.1,1
S4402,18,45.8,37.7,57.0,4.6,0
S4403,18,69.7,50.4,63.1,2.0,0
S4404,15,44.8,83.4,61.2,7.7,0
S4405,17,68.1,44.8,83.8,4.4,1
S4406,16,39.5,54.7,52.8,4.0,1
S4407,18,86.5,41.0,79.2,8.2,1
S4408,16,48.4,39.1,66.5,2.5,1
S4409,15,56.6,79.7,79.5,2.7,1
S4410,18,65.0,60.4,84.0,2.8,1
S4411,17,51.5,59.9,66.0,4.9,1
S4412,16,62.2,34.3,61.2,5.9,1
S4413,18,68.6,63.0,65.8,6.5,0
S4414,15,74.4,74.2,63.9,10.1,1
S4415,17,71.9,74.1,45.1,0.5,1
S4416,16,57.4,67.4,83.6,6.2,1
S4417,16,57.8,42.2,67.9,3.9,1
S4418,18,95.2,62.4,51.0,3.8,1
S4419,17,74.2,67.3,40.2,3.8,1
S4420,17,46.2,32.9,37.1,3.2,0
S4421,17,61.5,42.3,74.2,8.4,1
S4422,17,55.0,70.4,57.6,6.7,0
S4423,15,58.0,70.3,59.5,5.0,0
S4424,17,41.6,36.3,70.9,7.7,0
S4425,16,53.8,69.1,58.8,2.0,1
S4426,16,87.2,59.3,71.6,2.3,0
S4427,15,68.7,68.9,66.1,0.6,1
S4428,16,22.6,49.1,64.0,3.6,0
S4429,16,78.3,67.0,46.1,5.3,1
S4430,17,76.3,69.8,55.2,5.2,1
S4431,16,54.6,53.1,72.2,5.3,1
S4432,15,70.8,58.2,56.8,2.2,1
S4433,17,47.1,48.9,79.5,6.6,1
S4434,18,52.9,81.1,93.2,5.5,1
S4435,17,82.5,56.3,72.9,6.5,1
S4436,15,55.9,45.1,82.9,1.2,0
S4437,17,32.0,48.0,73.6,5.6,0
S4438,17,59.1,59.8,58.6,2.6,1
S4439,15,58.8,68.5,67.4,4.2,1
S4440,17,78.0,39.3,89.2,6.1,1
S4441,15,60.2,83.9,58.7,5.2,1
S4442,15,53.7,62.3,52.5,3.3,0
S4443,18,75.7,64.5,51.4,5.0,0
S4444,16,61.8,56.6,62.4,1.9,1
S4445,16,48.7,58.3,53.0,7.3,1
S4446,17,77.3,55.9,85.1,4.6,1
S4447,17,62.9,72.2,67.6,7.2,1
S4448,18,60.0,57.9,76.7,3.9,1
S4449,18,62.7,68.7,61.4,4.0,1
S4450,18,43.9,51.9,51.3,3.5,0
S4451,15,52.1,60.7,49.3,6.8,1
S4452,18,60.1,46.7,54.1,3.6,0
S4453,18,57.1,75.0,69.2,6.3,1
S4454,17,79.1,46.3,71.2,4.2,1
S4455,18,63.3,53.5,72.2,1.0,1
S4456,15,72.8,53.6,47.1,3.9,1
S4457,15,60.1,53.0,65.0,2.6,1
S4458,17,75.8,68.1,52.7,5.1,1
S4459,18,66.0,53.6,69.8,2.6,1
S4460,18,60.2,77.5,70.7,6.9,1
S4461,15,59.8,46.5,50.9,4.8,0
S4462,18,45.7,60.4,76.6,4.6,1
S4463,18,67.6,47.1,93.1,6.3,0
S4464,18,59.4,63.9,75.0,6.9,1
S4465,16,52.5,57.8,63.0,5.0,0
S4466,17,76.6,55.8,61.2,3.5,1
S4467,16,41.2,74.6,62.5,1.5,0
S4468,17,53.7,48.8,55.9,3.6,1
S4469,15,75.4,66.2,68.0,3.8,1
S4470,18,64.7,47.2,51.3,5.2,0
S4471,17,59.3,59.6,42.3,4.3,1
S4472,16,63.8,41.3,67.6,6.4,0
S4473,18,62.7,48.7,65.3,3.8,1
S4474,15,37.3,56.8,58.1,4.9,1
S4475,17,54.8,83.4,49.6,7.4,0
S4476,17,84.2,59.4,68.5,5.7,1
S4477,17,50.1,81.2,53.1,4.9,0
S4478,18,55.2,61.1,63.3,3.8,0
S4479,16,51.9,52.6,86.2,3.7,1
S4480,16,58.7,79.6,72.8,3.3,1
S4481,17,51.3,64.1,48.6,3.9,1
S4482,15,67.3,49.0,49.7,6.5,1
S4483,15,63.0,64.6,66.8,4.6,0
S4484,16,71.6,53.9,48.5,2.3,1
S4485,15,44.2,30.2,41.0,8.5,1
S4486,16,54.9,71.1,71.4,5.6,1
S4487,17,56.6,73.3,68.9,2.2,1
S4488,16,66.8,83.7,70.4,4.1,1
S4489,16,48.1,63.9,68.2,5.2,1
S4490,17,73.7,54.5,64.2,8.4,1
S4491,15,77.8,69.7,57.1,2.8,1
S4492,16,45.2,69.9,71.2,7.0,0
S4493,16,52.6,80.9,83.4,7.8,1
S4494,17,52.0,57.4,59.0,3.7,0
S4495,15,99.5,55.7,52.8,4.4,1
S4496,16,53.6,48.0,51.4,2.9,1
S4497,17,85.2,65.5,54.6,4.6,0
S4498,16,41.0,36.3,67.4,4.9,0
S4499,18,45.2,68.9,39.3,6.3,0
S4500,17,49.7,66.2,70.3,7.2,1
S4501,15,47.3,66.2,72.7,3.5,0
S4502,15,56.0,59.9,43.4,1.1,1
S4503,15,49.4,79.5,53.2,5.0,1
S4504,15,47.7,70.2,66.0,5.6,1
S4505,16,77.4,49.5,63.3,5.5,0
S4506,16,78.4,49.8,71.2,4.3,1
S4507,15,74.2,45.7,63.3,5.2,0
S4508,15,67.9,65.7,80.2,8.0,1
S4509,15,61.4,44.0,61.1,5.8,1
S4510,16,52.5,73.2,53.2,4.3,1
S4511,15,45.7,76.5,52.2,4.0,0
S4512,15,65.4,45.7,73.8,4.7,1
S4513,18,42.4,55.4,65.4,8.3,1
S4514,18,45.1,58.2,72.6,4.6,0
S4515,15,77.3,70.4,72.4,5.0,1
S4516,17,88.5,80.5,40.8,4.0,1
S4517,15,65.9,34.4,51.3,7.2,0
S4518,18,76.6,53.5,52.8,8.9,1
S4519,17,56.3,54.3,55.2,5.9,0
S4520,17,39.9,38.4,60.0,5.2,0
S4521,15,69.2,51.2,77.0,5.1,1
S4522,18,68.5,64.0,79.4,0.2,1
S4523,18,61.1,54.1,61.5,6.5,1
S4524,17,56.4,36.4,62.0,5.3,1
S4525,15,74.4,98.2,56.5,5.9,1
S4526,16,45.2,61.7,66.1,3.6,0
S4527,16,48.4,59.6,67.4,4.2,1
S4528,18,44.9,42.6,74.7,4.2,1
S4529,16,61.3,61.6,74.6,7.0,0
S4530,18,43.7,55.7,37.4,4.2,1
S4531,18,49.7,31.6,63.2,9.2,1
S4532,18,49.4,43.0,81.6,5.9,1
S4533,16,56.1,69.1,59.7,2.4,1
S4534,18,37.7,85.2,78.7,4.7,1
S4535,17,61.3,63.1,61.3,3.7,0
S4536,15,78.7,73.4,67.1,0.6,1
S4537,15,62.0,55.8,51.4,8.2,1
S4538,18,83.1,56.8,51.8,6.4,0
S4539,15,80.0,73.3,73.7,6.1,1
S4540,16,71.7,81.3,75.6,5.3,0
S4541,16,61.1,76.2,65.3,2.2,1
S4542,15,60.3,43.1,50.3,4.0,1
S4543,16,71.5,57.1,65.5,6.7,1
S4544,15,54.1,61.9,80.1,2.9,1
S4545,15,31.8,54.4,85.9,0.0,1
S4546,15,67.4,63.4,61.2,4.5,1
S4547,18,43.0,69.5,45.1,4.7,1
S4548,15,45.6,72.0,75.1,5.3,1
S4549,18,60.0,81.6,61.7,6.5,1
S4550,15,58.6,53.4,76.3,6.3,1
S4551,15,38.8,38.9,68.4,5.5,1
S4552,15,62.5,63.0,54.4,7.4,1
S4553,16,74.5,84.4,65.7,2.0,1
S4554,18,43.1,51.3,80.7,6.0,0
S4555,18,79.1,67.6,63.2,6.3,1
S4556,15,36.6,67.7,52.6,2.5,1
S4557,15,91.8,60.7,45.9,2.0,1
S4558,16,53.8,58.1,55.7,3.5,1
S4559,16,62.2,45.1,60.1,3.7,0
S4560,16,31.6,26.1,74.8,6.5,0
S4561,18,59.1,42.4,51.5,3.8,1
S4562,18,63.4,52.5,83.6,3.3,1
S4563,18,58.7,73.4,49.0,3.8,0
S4564,15,51.6,56.6,93.0,7.2,1
S4565,18,45.8,50.7,85.7,5.0,1
S4566,17,77.0,45.5,66.7,4.6,1
S4567,17,60.5,67.2,45.2,4.8,0
S4568,16,83.1,77.0,64.3,7.6,1
S4569,18,52.1,72.9,60.4,3.5,1
S4570,17,53.5,66.5,49.7,7.6,0
S4571,16,72.2,37.3,68.5,5.4,1
S4572,18,35.7,53.1,55.1,4.7,1
S4573,15,41.8,85.3,56.4,10.0,1
S4574,17,76.5,73.7,62.6,2.9,1
S4575,15,42.4,36.5,58.1,4.3,0
S4576,18,32.7,57.2,89.9,2.5,0
S4577,17,88.0,63.1,58.6,6.9,1
S4578,18,39.1,47.3,70.3,8.4,0
S4579,15,62.8,25.7,66.7,8.3,0
S4580,17,61.0,59.4,69.2,7.4,1
S4581,15,17.8,47.0,70.1,4.6,1
S4582,18,56.0,47.0,75.6,4.3,1
S4583,18,66.7,53.0,68.2,1.7,1
S4584,15,65.3,56.1,67.7,9.1,1
S4585,17,73.6,57.9,65.7,5.9,0
S4586,15,54.2,45.6,63.3,4.0,1
S4587,18,70.7,54.9,54.1,7.7,1
S4588,15,49.7,33.4,64.3,3.1,0
S4589,18,38.8,62.4,67.9,5.8,1
S4590,15,40.5,18.0,69.8,4.7,0
S4591,17,38.1,53.9,67.2,6.3,0
S4592,17,75.1,70.9,62.2,4.9,1
S4593,15,37.3,43.2,64.3,2.1,0
S4594,15,64.1,68.0,58.4,5.2,1
S4595,17,56.0,74.2,68.8,7.1,1
S4596,18,58.5,11.7,62.3,4.9,0
S4597,17,80.5,55.9,67.2,6.6,1
S4598,18,53.4,17.7,77.0,2.9,1
S4599,15,69.2,56.3,56.5,4.9,1
S4600,15,60.6,57.9,72.2,3.8,0
S4601,18,57.7,23.2,65.4,6.5,1
S4602,15,94.5,84.9,89.3,5.1,1
S4603,18,38.4,62.0,62.4,6.4,0
S4604,16,79.3,46.1,73.3,7.2,1
S4605,17,69.8,78.5,65.2,6.4,1
S4606,16,52.8,32.9,48.3,5.5,1
S4607,18,84.4,40.8,58.8,3.0,0
S4608,17,32.3,25.8,75.6,5.0,0
S4609,18,52.2,83.2,59.8,3.9,1
S4610,17,41.9,62.7,38.4,4.3,0
S4611,17,66.2,67.2,64.6,4.3,1
S4612,17,43.3,62.2,51.9,3.0,1
S4613,17,66.5,66.0,66.6,1.1,0
S4614,18,57.2,59.1,83.6,3.7,1
S4615,17,52.8,61.8,74.2,5.4,1
S4616,17,65.8,59.5,83.4,2.3,0
S4617,16,56.0,49.5,58.3,5.0,0
S4618,15,43.7,57.3,63.3,8.8,1
S4619,15,100.0,61.8,52.5,7.0,1
S4620,16,52.7,59.5,56.8,8.3,0
S4621,16,26.7,37.3,53.9,5.8,0
S4622,18,47.4,39.2,49.3,7.3,0
S4623,18,41.0,73.2,81.4,3.6,1
S4624,18,72.4,53.7,39.9,3.7,1
S4625,16,64.8,66.2,81.4,0.0,1
S4626,16,66.0,42.7,80.0,7.4,1
S4627,17,54.4,37.4,71.0,8.1,1
S4628,18,55.8,46.2,51.6,3.9,0
S4629,18,54.4,54.9,46.0,4.5,1
S4630,18,58.8,48.7,58.4,3.5,1
S4631,15,72.5,76.1,72.5,5.8,1
S4632,17,65.0,60.5,65.0,7.2,1
S4633,18,67.5,83.9,52.5,1.5,1
S4634,18,67.5,63.7,78.8,5.8,1
S4635,18,73.3,24.2,85.2,4.4,1
S4636,15,64.3,72.8,62.3,5.2,1
S4637,15,65.4,36.9,66.3,5.9,0
S4638,16,77.8,61.2,46.9,4.6,0
S4639,17,50.0,47.2,60.0,4.8,0
S4640,16,47.2,88.0,71.1,4.6,1
S4641,17,42.2,78.2,69.3,6.9,1
S4642,15,62.7,47.6,58.9,5.8,1
S4643,18,32.2,56.2,61.7,5.4,0
S4644,16,66.9,61.4,59.6,2.5,1
S4645,18,58.4,70.1,61.7,4.2,0
S4646,16,77.0,58.4,70.1,6.8,0
S4647,15,49.9,43.7,41.4,5.1,1
S4648,15,57.0,48.0,64.1,6.3,1
S4649,15,76.8,57.9,69.2,8.5,1
S4650,16,80.7,75.3,58.2,7.1,1
S4651,17,49.8,64.0,59.2,5.2,1
S4652,16,62.7,47.2,59.6,4.0,1
S4653,17,64.4,67.1,59.3,0.0,1
S4654,16,65.6,52.6,65.1,4.7,1
S4655,16,56.1,70.5,66.5,4.3,0
S4656,15,79.2,93.4,39.8,5.8,1
S4657,18,31.7,53.0,72.8,4.7,1
S4658,18,53.7,69.2,61.5,4.4,1
S4659,17,66.7,47.6,88.2,1.4,1
S4660,18,66.9,56.4,50.7,3.1,0
S4661,16,80.3,58.4,54.6,6.0,1
S4662,16,78.0,55.3,62.6,8.4,0
S4663,15,55.7,92.5,70.0,4.8,1
S4664,15,79.5,53.7,41.6,5.7,1
S4665,18,49.3,66.2,55.1,6.9,0
S4666,17,74.0,31.0,72.1,3.4,1
S4667,18,87.2,64.0,53.6,5.7,1
S4668,18,78.2,74.0,81.4,3.5,1
S4669,18,61.6,50.6,59.6,6.7,1
S4670,18,55.0,22.9,54.2,5.3,1
S4671,16,37.1,57.5,72.3,5.6,1
S4672,17,64.7,58.2,84.3,3.4,1
S4673,16,43.3,68.1,70.0,6.4,1
S4674,17,48.1,86.2,80.1,9.2,1
S4675,15,42.1,52.7,85.1,3.0,0
S4676,18,53.1,46.0,53.9,4.3,0
S4677,16,59.6,41.7,76.3,5.5,1
S4678,17,64.1,60.8,46.7,6.6,1
S4679,15,51.0,64.7,70.1,3.9,1
S4680,15,76.0,50.4,64.1,0.0,0
S4681,18,56.9,68.9,79.9,7.7,1
S4682,17,48.2,64.5,79.1,6.5,0
S4683,16,63.4,58.6,71.8,1.5,1
S4684,18,89.5,45.4,68.6,3.8,0
S4685,16,65.0,51.3,71.1,8.1,1
S4686,15,54.6,24.0,65.7,7.9,0
S4687,16,37.1,61.3,64.3,6.9,1
S4688,16,56.7,58.4,82.3,4.6,0
S4689,18,63.5,60.6,83.8,5.2,1
S4690,16,54.2,65.1,63.3,4.7,1
S4691,18,35.0,63.4,67.9,7.3,0
S4692,15,47.2,56.5,66.0,3.2,0
S4693,18,81.8,58.7,45.7,3.4,1
S4694,18,81.5,38.3,61.0,7.0,1
S4695,17,46.7,49.8,84.2,4.9,0
S4696,16,70.1,58.7,56.0,7.8,0
S4697,15,42.3,47.7,90.4,3.7,1
S4698,18,81.1,70.0,79.1,4.9,1
S4699,15,63.7,48.8,69.8,3.2,0
S4700,17,74.2,61.0,71.7,5.0,1
S4701,16,34.3,59.6,54.0,2.0,0
S4702,18,70.2,68.4,61.8,4.0,0
S4703,16,59.9,70.6,82.3,2.1,1
S4704,17,72.8,67.7,57.6,6.4,1
S4705,17,73.7,28.5,77.7,6.4,0
S4706,15,61.0,74.7,48.5,1.5,0
S4707,18,51.0,79.4,50.6,7.7,0
S4708,15,71.7,51.3,87.8,10.0,1
S4709,17,59.1,61.3,64.9,5.1,1
S4710,16,46.9,45.5,58.5,3.7,0
S4711,15,46.2,30.7,81.4,10.6,0
S4712,15,37.8,47.7,79.9,2.4,1
S4713,16,52.3,50.4,76.0,5.0,1
S4714,15,76.5,53.0,58.2,5.4,1
S4715,16,62.7,44.6,61.6,7.7,0
S4716,18,52.1,47.7,68.7,5.7,0
S4717,16,72.1,57.8,73.3,4.0,0
S4718,18,47.5,47.2,58.9,3.1,1
S4719,16,61.4,65.6,67.0,4.3,1
S4720,17,57.3,67.5,68.2,3.0,1
S4721,17,71.7,91.3,80.4,5.1,1
S4722,18,36.3,73.8,74.1,3.9,1
S4723,18,47.2,61.4,46.9,2.0,1
S4724,17,35.4,49.3,62.4,7.5,1
S4725,18,56.1,62.1,53.9,4.0,1
S4726,16,78.2,62.6,71.8,2.5,1
S4727,16,52.4,50.8,76.1,4.7,1
S4728,17,52.3,69.0,66.2,5.1,1
S4729,15,73.1,38.4,61.8,1.5,1
S4730,16,76.0,54.6,65.8,5.7,1
S4731,18,58.7,65.8,67.5,2.9,1
S4732,15,70.3,54.0,57.3,8.4,1
S4733,15,43.8,55.1,50.4,6.0,0
S4734,16,80.7,56.1,40.4,4.2,1
S4735,16,92.2,46.3,80.2,3.5,1
S4736,15,67.8,74.4,71.0,4.8,0
S4737,15,28.7,43.7,69.4,6.2,1
S4738,17,51.6,62.5,80.2,4.9,1
S4739,18,69.2,63.8,49.9,4.6,1
S4740,17,53.7,44.7,44.2,5.1,1
S4741,16,79.1,59.0,69.6,3.8,1
S4742,17,68.8,45.3,68.5,4.3,1
S4743,17,49.4,77.5,44.2,0.8,0
S4744,17,60.5,42.1,69.3,6.9,1
S4745,17,46.6,48.8,60.2,5.6,0
S4746,18,57.3,40.9,55.3,3.5,0
S4747,18,51.7,39.0,61.0,8.8,0
S4748,15,77.6,80.3,35.7,5.2,0
S4749,16,91.7,65.6,57.9,2.9,1
S4750,17,38.5,60.0,56.5,6.7,0
S4751,15,31.2,48.8,71.7,5.8,1
S4752,15,56.3,70.7,63.1,5.8,0
S4753,15,37.2,46.5,72.7,4.1,1
S4754,18,60.7,69.1,34.4,5.9,1
S4755,17,71.2,45.8,54.9,4.5,0
S4756,17,82.4,49.0,71.7,6.1,1
S4757,16,63.0,68.6,61.3,1.2,1
S4758,17,57.1,70.1,75.1,4.1,1
S4759,17,30.3,66.4,43.3,8.4,0
S4760,15,60.4,43.3,73.8,3.5,1
S4761,16,61.1,51.7,57.3,3.8,1
S4762,17,69.6,60.2,56.2,4.1,0
S4763,18,49.4,46.1,76.9,2.6,1
S4764,17,53.5,77.2,78.9,0.6,1
S4765,15,37.8,24.4,77.4,4.5,0
S4766,18,25.6,47.1,89.5,5.3,0
S4767,15,43.4,50.9,80.2,4.9,1
S4768,17,36.4,18.2,55.5,4.7,1
S4769,18,65.1,38.5,66.7,5.1,1
S4770,16,52.2,66.8,60.7,7.0,1
S4771,16,51.9,58.4,89.3,4.6,1
S4772,18,45.2,80.0,78.3,3.9,1
S4773,18,11.5,79.6,62.7,4.4,1
S4774,15,82.6,64.1,75.5,6.2,1
S4775,18,45.0,62.4,50.2,7.8,0
S4776,15,53.8,58.9,68.0,3.7,0
S4777,17,38.2,20.8,53.7,5.2,0
S4778,15,74.6,38.5,44.7,5.7,1
S4779,18,62.2,59.4,74.4,3.0,0
S4780,18,47.6,66.6,75.9,5.0,1
S4781,17,54.1,62.1,70.5,2.1,0
S4782,18,85.2,45.5,62.8,1.5,1
S4783,18,58.9,71.1,49.8,5.7,0
S4784,16,57.3,78.8,51.1,4.2,1
S4785,16,45.9,71.1,53.4,5.4,1
S4786,17,31.6,71.9,62.2,5.0,0
S4787,15,57.6,50.2,77.9,3.0,0
S4788,16,64.9,73.1,77.7,4.9,1
S4789,15,76.5,60.0,45.2,2.5,0
S4790,18,26.3,65.2,56.7,7.8,1
S4791,16,43.1,63.1,56.4,2.3,0
S4792,17,51.3,56.3,34.6,4.6,1
S4793,17,59.9,46.0,71.8,2.9,1
S4794,17,57.8,56.9,62.0,6.1,0
S4795,16,58.2,71.8,63.6,4.3,1
S4796,15,66.1,51.8,81.2,4.0,1
S4797,18,46.5,70.5,66.1,6.7,1
S4798,15,74.0,68.3,59.8,5.1,1
S4799,15,66.5,53.8,71.9,6.0,1
S4800,18,55.2,77.4,77.7,3.0,1
S4801,18,84.0,53.0,68.6,2.2,1
S4802,16,83.3,79.1,73.3,5.2,1
S4803,16,74.0,64.1,63.3,4.4,1
S4804,16,14.7,57.8,64.0,6.3,1
S4805,16,83.7,45.6,66.4,4.8,1
S4806,16,71.9,56.8,56.0,5.4,1
S4807,18,90.1,55.1,58.2,1.8,1
S4808,15,78.6,40.4,81.5,8.8,1
S4809,16,83.7,55.0,89.1,4.7,1
S4810,16,73.2,46.7,84.1,6.4,1
S4811,15,80.2,66.2,49.1,3.3,1
S4812,16,89.9,76.3,48.0,5.6,1
S4813,15,63.2,40.8,50.7,2.4,1
S4814,15,36.4,82.0,66.6,5.9,1
S4815,18,55.4,56.2,31.3,4.3,1
S4816,17,65.8,44.3,57.9,5.1,1
S4817,18,61.1,68.6,81.9,6.4,0
S4818,17,41.3,51.7,76.8,2.5,1
S4819,17,35.5,56.9,58.9,3.6,1
S4820,17,48.9,52.3,59.8,5.9,1
S4821,16,72.1,46.6,71.8,9.2,1
S4822,18,83.7,68.1,76.2,4.7,1
S4823,17,73.7,54.0,58.6,6.2,0
S4824,15,75.9,37.9,62.2,4.8,1
S4825,16,58.8,65.7,58.2,8.9,0
S4826,18,33.9,41.1,49.0,1.5,1
S4827,17,53.2,41.9,62.4,5.2,1
S4828,15,56.1,74.7,61.4,1.7,1
S4829,18,52.5,41.3,49.9,0.0,1
S4830,18,60.8,25.6,72.8,5.6,1
S4831,16,66.6,66.7,70.8,5.3,1
S4832,18,72.8,53.7,73.3,4.4,1
S4833,16,55.8,55.0,55.8,4.8,0
S4834,17,31.4,53.6,41.2,11.2,1
S4835,16,52.8,61.2,70.6,4.5,1
S4836,15,60.7,47.5,57.0,6.0,1
S4837,16,78.3,78.7,54.3,3.7,1
S4838,15,51.5,37.3,49.9,5.6,0
S4839,16,67.7,64.2,61.7,4.5,1
S4840,18,64.4,67.0,83.9,4.2,0
S4841,17,60.7,47.4,58.9,8.6,1
S4842,15,74.0,43.7,51.9,7.4,1
S4843,16,50.1,72.2,72.8,5.3,1
S4844,16,51.4,44.1,67.1,0.4,1
S4845,16,59.8,49.5,39.6,4.3,0
S4846,18,50.4,70.4,72.9,10.4,0
S4847,18,67.6,58.5,90.5,4.5,1
S4848,15,49.3,32.8,33.8,7.2,0
S4849,15,63.4,82.5,50.2,7.9,1
S4850,18,58.5,50.6,30.8,5.4,1
S4851,15,63.2,52.4,64.1,3.3,0
S4852,17,53.1,61.6,76.9,0.1,1
S4853,17,54.9,66.8,66.3,6.4,1
S4854,18,61.4,85.5,81.7,3.4,1
S4855,15,63.0,34.8,75.0,5.4,0
S4856,16,59.9,69.6,85.4,2.5,1
S4857,17,85.6,68.4,78.9,4.5,1
S4858,18,45.1,56.1,60.2,5.1,1
S4859,15,59.0,69.0,65.8,5.5,1
S4860,18,36.4,71.1,54.6,2.8,0
S4861,16,65.6,38.7,62.2,7.4,0
S4862,17,43.3,82.5,65.7,3.8,1
S4863,18,55.8,36.2,64.0,1.7,1
S4864,18,54.4,42.1,81.1,4.8,1
S4865,18,64.2,54.3,61.0,5.1,0
S4866,16,51.7,84.9,53.8,5.3,1
S4867,18,51.1,53.7,54.6,7.7,1
S4868,16,81.5,57.6,72.9,4.5,1
S4869,16,64.3,78.0,48.2,4.8,1
S4870,16,51.6,53.8,62.6,2.8,1
S4871,17,56.2,41.5,80.9,6.6,0
S4872,17,84.7,52.2,68.5,5.4,0
S4873,18,56.5,77.2,64.1,4.2,0
S4874,18,49.7,59.0,64.6,1.2,1
S4875,17,49.7,85.0,52.6,7.9,0
S4876,15,51.8,68.3,54.7,2.5,1
S4877,17,51.1,49.0,62.7,3.8,1
S4878,16,40.8,58.7,68.3,5.7,1
S4879,17,43.1,46.1,76.4,2.6,1
S4880,16,47.6,48.6,66.1,2.0,0
S4881,18,68.9,100.0,81.2,0.8,1
S4882,15,54.3,72.3,84.3,6.4,1
S4883,18,56.9,70.1,74.5,3.9,1
S4884,16,79.1,49.3,79.7,10.9,1
S4885,16,79.4,80.0,53.1,3.0,1
S4886,16,55.8,73.4,51.2,3.2,0
S4887,15,50.5,84.3,71.2,3.9,1
S4888,17,47.0,83.7,48.9,5.5,1
S4889,18,70.4,37.3,61.5,4.1,1
S4890,18,56.9,42.5,74.3,6.2,0
S4891,17,54.2,43.9,82.0,3.0,1
S4892,18,47.8,44.8,61.9,2.2,0
S4893,15,48.5,62.5,57.2,1.4,1
S4894,18,64.8,50.1,68.8,0.6,1
S4895,16,40.3,87.0,52.1,4.0,1
S4896,17,74.9,84.7,62.9,4.4,1
S4897,15,52.0,57.9,64.9,3.7,0
S4898,17,57.8,85.4,64.7,7.5,1
S4899,15,39.9,78.8,66.1,7.5,1
S4900,16,59.8,51.7,55.0,4.3,0
S4901,17,55.1,29.9,56.3,1.4,1
S4902,18,59.2,54.9,56.0,3.9,0
S4903,15,82.1,49.0,45.6,3.8,1
S4904,17,62.7,60.9,69.1,3.7,1
S4905,18,48.1,59.2,75.7,3.6,1
S4906,17,49.3,58.9,74.6,3.7,1
S4907,17,68.9,65.3,61.9,4.2,0
S4908,17,79.5,41.0,55.3,3.7,0
S4909,15,64.2,63.8,73.9,5.4,1
S4910,18,70.3,51.8,72.7,5.7,1
S4911,16,69.1,60.8,67.6,3.2,0
S4912,15,81.3,71.4,85.9,7.5,1
S4913,15,30.8,40.9,64.7,3.0,0
S4914,15,70.0,54.1,61.9,1.8,1
S4915,16,74.8,56.3,60.2,5.8,1
S4916,18,39.9,50.8,46.3,3.4,0
S4917,18,46.7,70.6,72.9,5.6,1
S4918,18,47.2,47.9,63.7,0.2,1
S4919,17,49.1,50.2,71.1,7.8,0
S4920,17,52.8,48.1,87.1,6.3,1
S4921,17,63.6,73.3,60.3,2.0,1
S4922,16,73.0,51.1,36.9,2.0,1
S4923,17,76.2,64.4,70.8,8.3,1
S4924,16,47.4,85.7,67.0,3.5,1
S4925,18,47.3,57.0,56.2,3.3,1
S4926,17,79.7,73.6,69.8,0.5,1
S4927,17,69.7,81.4,74.4,4.3,1
S4928,15,61.2,72.4,53.6,4.5,1
S4929,16,67.1,57.8,61.4,6.4,0
S4930,18,59.6,67.0,82.7,2.2,1
S4931,15,67.9,40.0,56.3,2.0,1
S4932,15,55.0,47.1,65.8,5.9,1
S4933,18,64.0,49.5,33.5,7.0,0
S4934,15,37.3,89.4,47.2,1.9,1
S4935,16,49.7,46.6,66.9,7.2,0
S4936,16,49.8,46.4,79.7,5.1,0
S4937,17,54.4,43.4,48.7,7.2,0
S4938,15,46.1,65.8,65.9,4.9,0
S4939,17,52.0,60.0,60.5,0.0,1
S4940,15,37.3,73.2,76.4,4.7,1
S4941,16,68.2,67.4,50.4,7.1,1
S4942,16,58.8,38.7,70.2,3.2,1
S4943,16,34.4,46.7,57.2,4.2,1
S4944,15,47.5,77.1,67.7,4.6,1
S4945,16,65.0,55.2,65.8,0.0,1
S4946,15,51.9,74.6,62.0,8.3,1
S4947,17,49.5,55.9,70.7,3.2,0
S4948,15,58.9,44.5,65.5,6.0,1
S4949,17,65.2,53.8,63.4,4.8,0
S4950,15,38.5,44.4,60.7,7.5,0
S4951,17,68.3,50.1,65.9,5.8,1
S4952,16,48.0,60.8,67.7,4.5,1
S4953,17,59.7,65.2,53.1,3.2,1
S4954,16,59.5,35.7,60.8,6.6,0
S4955,16,52.1,57.8,52.3,1.3,1
S4956,17,44.6,49.8,64.5,6.3,1
S4957,15,55.7,48.9,57.9,2.8,1
S4958,15,84.4,59.9,74.2,7.5,1
S4959,18,39.6,50.3,73.1,5.3,0
S4960,15,85.4,77.3,53.9,6.3,1
S4961,18,56.1,74.6,65.0,5.2,1
S4962,15,60.5,74.5,72.7,1.5,1
S4963,15,43.7,51.1,62.9,3.3,0
S4964,16,48.4,44.5,56.3,6.3,1
S4965,18,52.5,59.1,51.9,5.3,0
S4966,15,44.3,55.9,75.3,7.4,0
S4967,18,56.9,49.5,75.8,5.8,1
S4968,16,53.9,41.5,62.5,3.1,1
S4969,16,87.8,57.4,74.2,3.4,1
S4970,18,42.5,52.3,29.4,5.2,1
S4971,16,61.5,67.6,80.9,0.4,0
S4972,17,63.7,67.3,63.1,8.3,1
S4973,17,43.9,73.4,66.7,5.9,1
S4974,16,70.3,40.4,61.2,7.5,1
S4975,17,54.0,63.6,81.7,1.8,1
S4976,15,22.6,47.8,52.3,7.5,0
S4977,18,69.9,40.9,82.7,9.5,1
S4978,15,43.2,52.0,69.8,2.4,1
S4979,18,44.3,73.0,72.5,6.5,1
S4980,16,70.3,52.8,61.0,5.0,1
S4981,15,54.8,79.9,49.3,1.9,1
S4982,16,73.8,65.7,76.2,6.0,1
S4983,16,78.2,52.5,68.7,6.7,0
S4984,18,50.3,74.2,81.3,3.8,1
S4985,18,71.9,64.2,62.7,7.3,1
S4986,18,48.7,44.9,60.0,1.7,1
S4987,15,93.5,84.0,81.7,2.0,1
S4988,17,49.6,61.6,87.9,5.3,1
S4989,18,75.4,58.3,65.1,5.1,1
S4990,18,72.7,46.0,56.0,3.6,1
S4991,15,64.7,74.5,74.7,6.6,1
S4992,18,49.9,65.2,62.0,6.1,1
S4993,15,57.7,66.8,72.2,6.7,1
S4994,16,27.7,50.9,61.9,4.8,1
S4995,18,63.4,69.7,83.8,6.2,0
S4996,18,65.2,70.8,56.6,4.1,0
S4997,16,62.0,48.6,70.8,9.1,1
S4998,16,15.4,38.2,59.1,3.4,1
S4999,16,41.0,66.1,61.6,9.2,1
S5000,18,48.8,36.0,60.1,5.1,1
S5001,17,64.4,60.1,73.9,2.2,1
S5002,17,64.3,51.7,76.0,7.7,1
S5003,17,57.4,75.1,71.7,5.3,1
S5004,18,69.5,52.5,63.7,6.7,1
S5005,16,44.6,73.5,66.7,7.4,0
S5006,18,69.2,50.8,75.8,5.7,0
S5007,16,67.1,72.0,76.2,3.8,1
S5008,18,65.7,86.8,32.7,7.0,1
S5009,18,57.3,43.0,61.7,5.0,1
S5010,16,87.5,62.1,62.3,6.4,1
S5011,17,67.4,96.5,73.0,0.7,1
S5012,16,45.5,58.9,64.2,5.9,0
S5013,15,63.7,58.9,73.6,3.7,1
S5014,15,71.3,69.0,52.1,8.3,1
S5015,16,51.2,58.6,68.1,6.2,0
S5016,18,76.3,34.1,75.8,5.5,1
S5017,15,65.7,73.9,47.3,6.0,1
S5018,15,24.9,30.0,95.2,3.0,0
S5019,18,64.5,52.2,79.3,8.2,1
S5020,18,53.9,74.9,65.0,9.0,1
S5021,17,68.1,53.0,55.1,5.8,1
S5022,18,74.2,48.3,62.9,8.2,0
S5023,16,62.9,70.3,66.0,3.9,1
S5024,16,85.0,46.1,70.3,3.4,1
S5025,17,57.3,40.9,83.0,5.1,1
S5026,15,69.4,61.8,59.3,5.9,1
S5027,15,72.1,55.4,71.8,4.2,1
S5028,18,58.5,40.6,49.5,6.1,1
S5029,16,71.7,66.9,60.0,5.6,1
S5030,15,51.1,64.5,69.5,3.0,1
S5031,17,53.7,53.0,73.3,6.0,0
S5032,17,40.3,53.9,56.0,6.7,1
S5033,16,63.6,64.6,59.7,5.3,1
S5034,17,64.9,74.7,82.5,7.3,1
S5035,17,77.7,54.0,78.9,2.6,1
S5036,16,71.9,67.2,67.5,5.9,1
S5037,18,55.7,65.9,38.2,2.7,1
S5038,18,42.3,70.3,95.1,2.8,1
S5039,17,66.5,58.6,64.8,3.7,0
S5040,18,76.7,45.2,61.2,3.1,1
S5041,18,71.3,51.5,58.7,3.9,1
S5042,17,76.3,62.8,69.5,4.6,1
S5043,18,56.8,83.5,69.6,6.7,1
S5044,17,53.0,51.2,76.4,4.4,1
S5045,15,48.9,69.3,53.9,1.8,1
S5046,16,59.2,53.4,61.3,7.3,0
S5047,16,58.8,59.5,89.4,3.3,1
S5048,18,63.1,79.2,67.7,4.9,1
S5049,18,58.1,68.7,62.9,5.9,0
S5050,18,58.0,40.6,53.7,5.4,0
S5051,16,48.3,50.0,71.1,7.2,0
S5052,15,74.1,75.6,77.4,6.0,1
S5053,15,61.1,60.0,75.5,3.3,0
S5054,16,57.4,41.9,61.9,9.4,1
S5055,15,48.8,46.5,69.3,5.4,1
S5056,16,40.0,67.8,85.1,4.7,1
S5057,15,79.6,71.9,77.9,6.9,1
S5058,17,68.3,58.2,55.6,5.5,1
S5059,17,35.6,92.7,34.4,5.8,1
S5060,16,71.4,69.5,68.6,10.0,1
S5061,15,73.8,54.6,74.6,4.4,1
S5062,18,61.9,46.6,51.9,4.4,1
S5063,15,84.0,44.4,64.9,5.2,1
S5064,17,63.3,62.7,61.8,7.1,1
S5065,17,38.7,51.2,66.3,2.0,0
S5066,15,65.5,81.4,58.5,1.1,1
S5067,15,63.7,78.5,80.5,3.8,1
S5068,18,51.0,66.9,66.8,1.7,1
S5069,18,68.6,41.5,54.5,4.2,0
S5070,15,35.0,48.6,76.0,6.0,0
S5071,15,74.9,75.6,49.8,3.2,1
S5072,15,46.8,50.1,80.4,2.1,0
S5073,15,45.2,73.7,76.9,5.1,0
S5074,16,58.3,64.6,81.7,6.7,1
S5075,15,66.5,58.7,63.1,1.6,1
S5076,18,62.5,48.2,59.0,6.6,0
S5077,17,48.9,56.7,66.0,6.6,1
S5078,16,52.4,60.7,64.0,6.9,0
S5079,15,43.0,72.5,57.2,7.4,0
S5080,17,56.6,45.6,58.4,9.4,0
S5081,16,76.1,54.3,60.6,4.3,1
S5082,17,59.9,58.6,51.0,5.2,0
S5083,15,72.9,67.3,73.1,4.2,1
S5084,15,81.8,45.3,64.4,5.0,1
S5085,18,51.2,39.6,61.3,8.1,0
S5086,15,57.2,67.4,51.7,2.3,1
S5087,15,92.6,36.7,51.1,3.3,1
S5088,16,81.7,76.0,88.2,7.8,1
S5089,18,34.9,55.8,57.5,7.0,1
S5090,16,65.8,36.3,72.3,4.3,1
S5091,17,60.0,51.3,67.0,6.7,0
S5092,15,72.4,63.3,31.7,5.7,0
S5093,17,48.8,50.5,86.5,8.0,1
S5094,16,47.4,58.3,73.2,5.1,0
S5095,15,49.9,68.4,55.8,7.1,0
S5096,15,51.4,55.2,64.7,10.3,0
S5097,16,72.2,44.9,51.2,6.2,0
S5098,16,42.3,53.8,86.9,5.1,0
S5099,16,50.7,77.8,54.1,6.4,0
S5100,16,33.2,81.6,58.7,4.3,1
S5101,16,75.1,29.7,56.2,9.8,1
S5102,15,79.1,73.3,66.0,5.4,1
S5103,16,55.1,61.5,81.4,4.5,1
S5104,15,55.5,70.9,86.5,3.3,1
S5105,15,66.8,50.3,60.2,7.2,1
S5106,16,82.1,33.2,69.5,6.7,1
S5107,16,66.1,66.2,66.0,4.0,1
S5108,18,49.5,44.8,53.2,6.2,0
S5109,15,35.7,38.6,94.1,2.0,0
S5110,16,43.3,39.5,81.4,5.4,1
S5111,16,61.1,66.4,67.3,5.9,1
S5112,16,50.2,60.0,84.0,8.4,1
S5113,18,62.9,69.0,79.5,3.5,1
S5114,18,51.7,67.4,66.0,2.4,1
S5115,17,44.1,52.1,68.9,3.2,0
S5116,15,42.3,57.0,83.1,2.3,0
S5117,17,83.4,50.8,53.6,7.7,1
S5118,16,73.3,55.1,85.1,8.1,1
S5119,18,86.0,44.5,62.3,5.6,1
S5120,18,68.1,63.5,83.3,7.4,0
S5121,17,53.6,73.1,64.9,5.3,0
S5122,18,79.9,46.6,69.1,4.8,1
S5123,16,59.5,75.9,64.6,4.3,1
S5124,18,63.3,59.6,58.6,4.4,1
S5125,17,59.4,61.4,61.8,1.9,1
S5126,16,15.8,34.2,81.5,5.5,0
S5127,17,84.1,32.7,37.2,4.9,1
S5128,18,67.4,60.0,50.1,6.5,0
S5129,17,64.9,69.1,56.3,5.2,1
S5130,17,59.1,48.6,52.1,4.7,0
S5131,15,62.5,81.4,83.1,3.3,1
S5132,18,51.0,68.3,80.1,5.1,1
S5133,18,69.2,45.3,72.1,6.5,1
S5134,17,40.4,58.4,57.3,2.7,1
S5135,15,62.8,92.7,81.0,5.2,1
S5136,18,68.4,40.6,45.9,5.5,1
S5137,16,57.0,65.4,90.7,3.6,1
S5138,17,65.6,53.5,56.8,3.8,1
S5139,18,45.1,67.9,61.9,5.5,1
S5140,16,45.5,75.7,59.8,2.7,0
S5141,18,63.6,52.6,52.1,5.7,0
S5142,16,70.2,73.7,88.1,3.2,1
S5143,17,31.9,89.1,74.5,7.1,0
S5144,18,67.8,58.9,79.6,9.7,1
S5145,18,51.9,69.0,50.3,3.3,1
S5146,15,57.1,49.7,67.2,6.1,0
S5147,17,39.9,58.3,71.3,3.5,1
S5148,16,47.2,55.5,68.2,7.1,1
S5149,18,74.5,69.2,51.1,2.5,1
S5150,18,60.5,74.9,77.9,6.0,1
S5151,16,54.3,56.5,66.5,3.3,1
S5152,17,58.3,79.5,53.5,4.6,1
S5153,15,67.3,79.4,42.7,2.9,1
S5154,15,66.6,69.9,72.3,6.6,1
S5155,18,58.9,50.8,94.4,3.3,1
S5156,16,76.4,49.4,52.8,6.1,0
S5157,18,74.6,46.6,67.0,4.3,1
S5158,16,66.2,71.3,78.3,4.8,1
S5159,15,60.8,41.0,49.8,5.3,0
S5160,17,69.9,67.5,59.2,3.5,1
S5161,16,64.7,42.9,54.7,5.4,1
S5162,15,75.9,69.5,76.8,8.1,1
S5163,18,73.5,58.2,80.9,3.4,1
S5164,16,44.7,76.7,66.9,7.3,1
S5165,17,43.7,74.0,54.9,8.0,1
S5166,18,49.5,78.1,59.7,3.4,1
S5167,18,74.6,78.5,57.4,2.1,1
S5168,15,36.4,60.0,53.3,5.6,1
S5169,16,65.9,41.8,63.8,3.9,1
S5170,18,65.4,43.3,71.9,8.7,0
S5171,17,77.4,28.8,70.9,5.1,1
S5172,16,62.7,42.8,64.9,3.4,1
S5173,17,39.9,59.0,65.7,2.7,1
S5174,18,45.6,50.2,64.0,7.2,0
S5175,17,42.3,55.5,49.4,3.9,1
S5176,15,51.9,64.9,66.9,5.1,1
S5177,17,57.3,53.7,58.0,6.9,1
S5178,16,42.5,42.3,48.8,4.0,0
S5179,17,82.1,57.3,69.4,4.9,1
S5180,17,40.1,45.4,57.7,5.0,1
S5181,15,80.2,54.2,67.7,6.4,1
S5182,17,77.8,76.8,75.2,6.2,1
S5183,17,73.5,54.2,53.6,4.6,1
S5184,18,49.6,82.8,66.1,5.1,1
S5185,18,65.1,78.0,43.3,4.3,0
S5186,16,40.8,49.9,83.4,2.0,1
S5187,18,73.7,42.4,48.7,5.5,1
S5188,18,58.9,57.3,58.8,8.8,1
S5189,18,53.9,74.1,81.1,3.2,0
S5190,18,41.6,51.1,62.2,3.5,1
S5191,15,22.8,70.7,50.6,3.3,0
S5192,18,44.4,74.9,73.6,6.4,0
S5193,15,76.7,47.2,73.3,5.9,0
S5194,15,54.0,48.5,57.4,4.7,0
S5195,18,57.5,68.0,58.7,3.2,1
S5196,17,69.8,60.1,59.8,5.2,1
S5197,15,87.1,48.4,62.5,1.9,1
S5198,17,79.9,53.1,42.3,5.3,1
S5199,17,45.4,57.0,62.8,6.7,0
S5200,18,30.9,36.1,86.4,2.5,0
S5201,16,95.4,68.7,54.2,1.9,1
S5202,18,94.0,51.3,58.0,8.2,1
S5203,16,62.8,19.0,50.8,3.8,0
S5204,16,40.9,57.7,72.3,7.3,0
S5205,18,74.4,47.6,79.4,4.7,1
S5206,18,58.4,81.6,79.2,4.7,1
S5207,16,58.3,49.8,50.0,5.9,1
S5208,18,73.4,42.6,71.0,3.2,1
S5209,16,65.0,65.1,82.2,5.3,1
S5210,17,42.2,48.8,71.1,4.2,1
S5211,18,55.1,47.1,70.7,2.4,1
S5212,17,69.9,65.1,59.3,5.7,1
S5213,15,67.7,43.4,67.6,4.5,1
S5214,17,63.9,37.6,79.8,4.7,1
S5215,17,74.0,82.2,68.9,2.6,1
S5216,16,54.6,66.1,50.0,8.2,1
S5217,17,62.7,54.3,59.5,6.8,1
S5218,18,9.4,58.0,79.5,6.9,1
S5219,16,53.3,65.1,68.9,4.4,0
S5220,15,71.5,71.6,66.4,1.5,1
S5221,18,54.1,47.4,58.4,8.9,1
S5222,15,53.0,63.1,79.3,4.9,1
S5223,17,44.4,50.9,84.9,3.5,1
S5224,18,75.1,55.4,80.2,5.8,1
S5225,18,68.2,60.2,82.3,7.3,1
S5226,15,72.4,57.9,60.7,5.0,0
S5227,18,34.1,68.3,59.0,7.6,0
S5228,18,57.6,64.8,63.1,7.2,1
S5229,18,55.8,36.9,65.5,2.8,1
S5230,17,55.8,39.0,82.2,3.7,1
S5231,15,50.8,52.8,79.0,6.9,1
S5232,18,54.8,83.6,71.5,0.0,1
S5233,16,72.7,46.1,47.8,4.7,1
S5234,16,31.3,55.1,44.7,2.1,1
S5235,16,86.7,50.5,67.9,4.0,1
S5236,16,67.3,50.2,75.6,4.4,1
S5237,17,59.4,60.5,64.0,4.3,0
S5238,18,73.6,77.6,88.0,3.9,1
S5239,15,38.2,64.4,52.0,2.8,1
S5240,18,50.0,46.8,50.5,9.6,0
S5241,17,58.2,96.5,57.0,8.7,1
S5242,16,80.5,59.1,56.6,2.7,1
S5243,17,59.3,49.9,71.3,8.2,1
S5244,18,66.8,77.8,59.9,4.2,1
S5245,15,51.2,51.4,46.4,5.3,1
S5246,17,67.3,81.3,75.7,4.9,1
S5247,15,85.2,45.8,43.9,3.7,1
S5248,17,74.9,78.0,52.1,7.0,1
S5249,15,58.8,60.8,45.5,5.3,1
S5250,15,70.1,76.1,67.5,4.0,0
S5251,16,68.7,84.6,67.2,2.4,1
S5252,15,67.6,42.1,88.0,3.2,1
S5253,16,76.7,75.9,76.0,1.7,1
S5254,18,76.6,38.3,82.3,5.0,1
S5255,18,58.1,43.3,68.5,2.6,0
S5256,16,69.6,46.8,53.3,4.5,0
S5257,16,54.3,65.1,66.5,7.7,1
S5258,17,46.2,58.5,72.1,7.4,0
S5259,17,56.0,55.7,73.4,4.9,1
S5260,17,58.9,60.0,59.3,4.8,1
S5261,18,35.1,66.3,70.9,8.8,0
S5262,17,72.9,67.4,53.8,6.0,1
S5263,15,18.5,73.3,52.5,4.3,0
S5264,15,100.0,83.5,51.6,2.1,1
S5265,17,82.5,57.7,65.3,5.8,0
S5266,15,56.1,50.7,50.9,6.7,1
S5267,18,60.1,66.6,59.9,3.7,0
S5268,15,64.5,42.0,75.8,5.6,1
S5269,18,51.2,48.5,52.7,4.3,1
S5270,16,62.9,72.0,58.9,4.6,1
S5271,16,57.8,56.3,65.9,0.0,1
S5272,16,58.6,41.1,68.0,4.6,1
S5273,16,62.7,37.1,59.0,6.9,0
S5274,15,40.3,58.7,74.4,3.7,1
S5275,17,60.6,74.0,72.1,5.1,1
S5276,15,62.5,73.8,78.7,3.5,0
S5277,18,61.9,59.6,64.0,5.7,1
S5278,15,56.8,86.1,58.8,4.6,1
S5279,15,77.1,56.5,56.8,3.1,1
S5280,18,54.7,56.1,68.7,7.7,1
S5281,16,63.4,22.1,60.5,6.9,0
S5282,16,79.5,51.7,58.2,3.8,1
S5283,16,58.8,69.9,59.6,6.0,1
S5284,17,63.2,79.9,56.8,6.1,1
S5285,18,58.6,46.4,67.4,6.3,1
S5286,18,78.6,64.5,48.0,1.6,1
S5287,15,56.1,72.7,68.6,7.0,1
S5288,17,79.3,58.2,73.1,3.9,1
S5289,16,58.4,26.0,58.0,4.3,0
S5290,17,47.1,61.5,88.1,10.3,1
S5291,18,70.2,68.7,65.2,5.6,1
S5292,18,55.4,44.7,46.3,4.2,0
S5293,15,69.3,54.4,61.6,0.6,1
S5294,15,19.1,41.8,65.8,7.8,0
S5295,18,60.1,22.0,70.4,2.3,1
S5296,16,53.1,72.4,61.9,3.0,1
S5297,16,44.1,57.9,52.9,4.3,1
S5298,17,51.7,80.4,51.9,7.8,1
S5299,18,51.4,70.0,57.2,6.5,0
S5300,18,59.3,53.0,58.3,4.7,1
S5301,16,39.5,56.8,51.4,5.6,0
S5302,16,64.7,65.9,56.2,3.8,1
S5303,18,80.5,71.5,72.9,5.3,1
S5304,15,64.2,62.5,84.8,5.1,1
S5305,18,72.1,73.5,74.1,6.9,1
S5306,18,76.4,53.8,80.7,6.9,1
S5307,16,78.5,44.0,76.7,6.0,1
S5308,16,88.1,57.1,75.0,4.3,1
S5309,15,52.5,60.9,60.9,6.5,1
S5310,15,49.2,41.2,66.7,4.8,1
S5311,17,71.8,39.3,60.0,2.8,0
S5312,18,70.6,64.3,62.4,4.2,0
S5313,16,71.6,52.3,65.8,5.2,1
S5314,15,88.3,55.7,73.6,6.8,0
S5315,17,60.2,53.0,70.1,4.6,1
S5316,17,66.4,79.3,63.1,2.6,1
S5317,16,45.3,75.7,65.7,5.1,0
S5318,16,92.0,40.7,70.2,5.2,0
S5319,17,55.0,50.5,73.0,5.4,1
S5320,15,55.4,69.9,46.8,6.8,1
S5321,17,54.8,66.4,52.1,7.0,1
S5322,18,50.3,57.4,78.3,3.8,1
S5323,18,49.1,42.1,64.3,3.8,0
S5324,16,52.1,48.4,59.9,2.9,1
S5325,15,39.5,50.8,61.8,6.4,1
S5326,15,48.2,61.9,61.8,7.9,1
S5327,18,89.2,81.9,71.7,4.4,1
S5328,17,71.0,48.4,51.7,4.5,1
S5329,16,73.9,43.6,65.3,7.9,0
S5330,17,77.7,56.5,68.0,6.0,0
S5331,17,87.5,72.4,69.8,5.9,1
S5332,17,33.4,37.7,67.7,2.6,0
S5333,15,41.6,78.4,71.2,6.4,1
S5334,18,47.9,55.6,58.1,3.1,1
S5335,15,53.0,47.7,53.7,2.7,1
S5336,18,55.5,35.6,94.5,4.3,1
S5337,16,53.3,67.9,61.4,3.8,1
S5338,16,63.3,55.6,62.8,4.6,1
S5339,17,60.5,60.4,73.1,2.1,1
S5340,18,49.2,45.4,84.2,6.9,1
S5341,18,27.4,53.5,58.5,7.3,1
S5342,18,45.1,51.2,53.0,1.1,1
S5343,17,51.8,56.6,50.1,7.0,1
S5344,17,56.3,48.6,84.1,3.4,1
S5345,16,43.1,36.5,52.5,6.7,1
S5346,15,52.6,96.2,64.7,4.9,1
S5347,18,43.0,38.9,53.3,5.1,1
S5348,18,58.1,60.5,47.6,4.6,1
S5349,15,43.9,33.2,61.5,7.4,1
S5350,18,47.3,30.0,53.7,2.5,0
S5351,17,40.4,59.4,56.7,6.2,0
S5352,17,57.7,60.4,89.1,7.2,1
S5353,18,47.0,75.7,70.1,6.4,1
S5354,17,73.6,63.6,76.2,9.6,1
S5355,17,66.1,55.9,74.9,3.9,0
S5356,18,59.0,44.7,63.8,6.9,1
S5357,16,48.0,79.0,59.7,4.8,1
S5358,15,65.7,71.0,68.0,7.5,0
S5359,17,70.4,40.6,67.0,5.0,1
S5360,16,62.1,58.5,58.2,4.2,1
S5361,17,84.1,60.0,66.6,7.6,1
S5362,17,66.9,53.2,56.5,4.0,1
S5363,15,73.7,68.8,62.9,2.2,1
S5364,17,62.0,69.6,61.0,4.0,1
S5365,15,70.1,55.3,49.8,6.2,0
S5366,15,48.0,54.1,36.8,7.8,1
S5367,15,53.1,79.0,53.7,5.2,0
S5368,16,65.2,71.1,86.6,7.6,1
S5369,18,65.1,59.0,61.3,2.3,1
S5370,16,67.6,35.2,74.3,4.1,1
S5371,18,76.5,62.8,39.5,4.4,1
S5372,18,38.6,67.8,52.9,4.8,1
S5373,15,45.4,19.4,48.7,5.2,1
S5374,17,63.4,61.5,62.6,6.4,1
S5375,15,49.1,52.2,94.1,4.1,1
S5376,17,100.0,54.9,70.5,5.3,1
S5377,18,67.7,45.3,85.3,4.9,1
S5378,15,58.8,55.9,61.9,3.1,0
S5379,17,52.3,77.5,81.4,4.8,1
S5380,16,52.8,51.8,89.9,4.7,1
S5381,17,60.5,71.5,63.7,4.7,1
S5382,15,61.7,46.7,58.5,5.1,1
S5383,16,53.1,68.6,49.2,5.2,1
S5384,17,55.9,58.0,61.3,4.1,0
S5385,17,80.2,62.9,66.0,7.5,1
S5386,17,80.8,58.1,89.4,2.7,1
S5387,17,63.8,67.0,49.5,3.6,1
S5388,17,39.9,22.1,65.7,10.6,0
S5389,16,68.1,38.1,43.2,2.9,0
S5390,18,83.3,63.8,59.9,2.3,1
S5391,16,80.5,29.4,68.7,6.5,1
S5392,16,71.0,50.6,71.2,0.8,1
S5393,16,81.3,57.2,72.1,4.5,1
S5394,18,60.8,46.4,69.8,9.3,0
S5395,15,69.4,48.3,72.0,1.9,1
S5396,18,49.8,61.8,65.5,1.0,1
S5397,16,64.4,72.1,52.4,2.0,1
S5398,17,79.9,44.6,42.8,6.8,1
S5399,17,51.2,49.9,58.4,7.2,0
S5400,16,47.1,47.8,63.4,4.0,1
S5401,17,61.5,24.1,80.0,6.4,0
S5402,16,56.6,60.0,63.8,7.8,0
S5403,17,69.7,71.1,62.6,8.6,1
S5404,18,53.2,72.2,69.6,4.5,1
S5405,15,85.8,45.8,61.8,0.4,1
S5406,15,40.7,40.5,74.7,3.4,1
S5407,18,78.8,58.3,88.8,4.1,1
S5408,18,48.5,69.6,91.3,4.5,1
S5409,16,33.1,60.2,66.2,4.6,1
S5410,16,63.6,62.1,69.0,7.2,1
S5411,16,56.2,74.0,83.9,7.5,1
S5412,17,43.4,47.7,63.2,4.7,1
S5413,16,34.8,54.9,73.2,7.2,1
S5414,18,59.9,80.9,51.4,5.7,0
S5415,15,74.6,55.2,61.3,5.1,1
S5416,17,68.8,40.3,78.9,6.8,1
S5417,16,60.9,48.6,56.4,5.1,1
S5418,17,67.2,44.9,63.5,9.1,0
S5419,17,59.6,63.0,46.1,2.1,0
S5420,16,38.6,45.5,89.1,4.0,1
S5421,17,38.7,61.8,80.2,4.7,1
S5422,15,57.0,47.7,67.3,5.9,1
S5423,18,57.6,28.3,71.1,7.5,0
S5424,18,72.8,62.3,69.8,5.0,1
S5425,15,71.4,60.1,81.6,2.2,1
S5426,17,69.1,65.2,58.8,6.7,1
S5427,16,55.8,48.6,73.8,6.5,1
S5428,17,39.3,47.1,77.9,1.1,1
S5429,15,66.2,63.6,79.6,5.0,1
S5430,17,67.9,79.3,37.9,1.8,1
S5431,18,24.2,58.2,57.8,3.7,1
S5432,17,47.5,63.9,52.8,3.2,0
S5433,15,49.6,53.5,66.8,6.6,1
S5434,18,61.8,36.4,40.8,5.2,0
S5435,17,47.9,71.5,40.5,2.4,1
S5436,17,59.4,70.7,91.0,6.8,1
S5437,18,56.8,68.0,72.4,2.1,1
S5438,16,57.6,55.5,66.5,5.7,1
S5439,18,49.3,66.4,69.4,3.4,1
S5440,16,50.4,70.5,66.8,4.3,0
S5441,15,43.8,80.7,77.0,6.0,1
S5442,15,65.7,71.8,57.4,6.0,0
S5443,18,68.6,58.9,67.2,7.7,0
S5444,18,48.4,39.7,67.7,4.8,1
S5445,15,82.8,60.2,52.4,5.6,0
S5446,16,55.3,61.6,80.3,4.1,0
S5447,15,83.0,67.9,59.7,5.4,0
S5448,18,50.4,77.0,77.2,5.9,0
S5449,15,29.6,56.7,66.4,4.8,0
S5450,18,66.0,87.4,84.6,1.4,1
S5451,18,63.7,33.4,52.5,5.7,1
S5452,15,60.5,63.9,52.0,5.7,0
S5453,16,50.4,46.8,54.1,3.6,0
S5454,17,59.5,31.3,66.6,2.4,1
S5455,15,52.3,55.2,83.5,8.0,1
S5456,17,55.5,37.6,84.1,6.0,1
S5457,15,72.6,55.7,37.3,4.5,1
S5458,17,62.8,58.5,68.0,2.7,1
S5459,16,69.1,73.7,26.4,3.4,1
S5460,16,56.5,36.9,74.5,7.6,0
S5461,15,54.9,70.7,78.4,5.3,1
S5462,18,42.7,59.4,64.5,3.9,1
S5463,17,54.4,72.4,66.0,6.0,1
S5464,18,10.2,52.0,65.9,3.4,0
S5465,18,51.1,39.3,55.6,8.0,1
S5466,18,58.8,41.0,70.2,7.7,1
S5467,16,68.5,39.9,62.2,4.1,1
S5468,15,56.0,64.7,76.2,3.7,1
S5469,15,65.2,78.7,63.6,0.0,1
S5470,16,27.3,50.1,54.7,2.0,1
S5471,16,59.1,66.8,46.6,2.3,0
S5472,15,34.8,36.7,42.6,5.3,0
S5473,18,41.9,60.5,80.8,4.3,1
S5474,17,57.2,67.4,59.5,2.3,1
S5475,17,79.1,37.7,69.1,4.4,1
S5476,17,65.6,55.1,86.4,6.0,1
S5477,18,60.3,68.0,58.2,6.1,1
S5478,15,59.7,16.9,57.5,1.2,0
S5479,16,49.3,76.7,63.4,4.7,1
S5480,15,51.8,63.0,65.4,2.2,1
S5481,18,66.4,68.0,87.7,6.8,1
S5482,16,39.2,52.2,83.8,6.6,1
S5483,18,68.9,33.9,72.5,3.2,1
S5484,17,54.2,65.5,82.4,3.5,0
S5485,17,72.4,56.8,62.9,4.1,1
S5486,18,74.4,58.4,68.6,0.5,0
S5487,16,34.9,73.2,61.4,5.7,1
S5488,16,51.3,68.7,49.5,4.5,1
S5489,15,47.2,84.9,79.4,6.9,1
S5490,17,32.8,60.2,71.4,2.8,1
S5491,15,44.5,48.3,65.2,3.8,1
S5492,15,96.6,55.4,65.0,2.0,1
S5493,18,69.1,63.8,46.9,3.0,1
S5494,18,88.8,72.2,53.3,2.6,1
S5495,15,72.4,37.5,69.0,7.0,1
S5496,17,48.9,58.1,58.7,3.6,0
S5497,18,54.3,80.5,62.4,5.2,1
S5498,15,68.8,54.6,63.7,4.2,0
S5499,15,66.6,71.0,56.8,2.5,1
S5500,15,51.3,64.9,53.4,4.7,0
S5501,15,37.4,71.4,45.7,6.2,1
S5502,15,100.0,46.7,63.2,2.6,1
S5503,15,57.9,46.7,72.4,6.6,1
S5504,18,55.1,58.3,45.3,3.3,0
S5505,17,61.7,36.5,64.7,4.0,0
S5506,15,56.4,54.2,68.4,6.1,0
S5507,16,61.8,61.5,53.1,3.7,1
S5508,18,79.3,83.0,82.1,5.1,1
S5509,18,58.1,63.6,60.4,4.4,1
S5510,15,42.6,66.8,63.8,5.3,1
S5511,18,57.6,74.3,63.1,0.2,1
S5512,15,53.0,44.5,43.8,1.3,1
S5513,17,81.4,55.7,77.1,6.2,1
S5514,17,77.6,92.0,53.5,7.1,1
S5515,18,61.6,56.9,62.2,3.2,1
S5516,18,40.8,73.6,72.2,4.5,1
S5517,16,41.6,71.5,82.5,5.6,0
S5518,18,60.2,37.3,52.0,6.4,0
S5519,16,65.0,62.3,59.6,0.9,1
S5520,17,54.4,60.1,81.6,3.2,1
S5521,17,52.8,62.6,70.6,4.3,0
S5522,15,51.1,47.4,73.1,6.4,0
S5523,17,59.6,42.4,52.4,10.0,0
S5524,16,24.3,51.3,60.4,4.5,0
S5525,18,43.5,56.6,63.0,2.2,0
S5526,15,50.6,74.6,54.7,5.8,0
S5527,16,78.1,83.4,44.9,7.6,1
S5528,18,47.8,77.6,58.9,5.2,1
S5529,15,62.7,70.0,81.3,3.2,1
S5530,17,63.4,43.9,65.7,6.9,1
S5531,16,79.5,52.3,81.5,6.3,1
S5532,18,78.9,60.9,67.1,2.9,1
S5533,15,59.1,49.1,55.8,5.8,1
S5534,15,52.9,66.1,80.3,7.0,1
S5535,17,50.0,68.1,67.5,7.4,0
S5536,18,56.4,65.5,76.5,4.9,1
S5537,17,53.5,72.4,52.2,4.3,0
S5538,17,68.3,45.3,77.5,7.5,0
S5539,18,66.3,71.1,77.8,2.6,1
S5540,18,68.9,48.3,68.5,5.9,0
S5541,18,78.9,44.8,55.3,2.3,1
S5542,16,87.9,65.4,64.4,7.1,1
S5543,18,61.9,75.0,72.3,4.5,1
S5544,15,76.5,64.8,67.8,7.5,1
S5545,17,54.7,58.3,72.2,6.0,1
S5546,16,77.8,62.3,77.1,2.6,1
S5547,18,75.9,59.9,57.2,7.8,1
S5548,16,75.1,42.2,51.1,8.1,0
S5549,18,61.4,40.6,64.5,6.8,0
S5550,16,50.0,56.9,61.0,3.5,0
S5551,17,39.1,59.1,74.4,4.4,1
S5552,17,59.4,58.2,52.1,5.3,1
S5553,15,83.0,67.5,77.2,3.6,1
S5554,15,55.4,55.0,81.2,8.4,1
S5555,18,71.8,65.9,65.0,5.3,1
S5556,17,72.7,56.0,65.7,0.0,0
S5557,16,55.7,83.5,55.8,5.7,1
S5558,16,79.7,59.1,58.5,4.3,1
S5559,16,16.4,90.8,60.1,4.9,1
S5560,15,41.7,62.9,82.3,4.3,1
S5561,16,46.3,55.0,64.1,6.6,0
S5562,15,47.7,45.4,49.1,7.2,0
S5563,15,65.0,37.8,68.1,5.6,0
S5564,18,64.4,44.1,74.9,4.3,1
S5565,16,65.9,45.7,64.7,4.9,1
S5566,16,68.9,63.5,82.6,5.0,1
S5567,17,45.7,50.6,74.3,3.4,1
S5568,18,41.7,60.6,52.4,6.2,0
S5569,17,65.9,75.9,58.4,5.9,0
S5570,18,50.5,56.8,67.7,8.1,0
S5571,16,36.4,87.1,45.0,7.5,1
S5572,15,74.6,41.5,69.0,3.6,1
S5573,15,80.9,55.9,43.9,6.6,1
S5574,15,83.4,50.4,77.3,3.1,1
S5575,15,62.8,71.1,75.9,6.4,1
S5576,15,69.4,26.6,71.1,4.0,1
S5577,17,80.5,37.8,56.9,3.0,0
S5578,18,50.4,56.5,67.0,5.6,0
S5579,16,76.7,79.7,58.8,0.0,1
S5580,17,64.1,61.2,52.6,1.5,1
S5581,18,73.7,39.1,60.9,4.6,1
S5582,15,62.8,41.2,73.4,5.2,1
S5583,18,79.4,81.4,65.5,4.3,1
S5584,18,63.4,49.3,82.4,1.8,1
S5585,15,37.7,44.8,74.2,3.4,1
S5586,15,81.8,78.7,72.9,5.8,1
S5587,15,45.8,72.2,45.7,6.2,1
S5588,16,78.8,75.8,61.6,5.0,1
S5589,15,58.6,44.7,52.2,7.3,1
S5590,16,77.6,36.6,62.8,5.8,0
S5591,15,77.0,59.9,56.7,3.5,1
S5592,16,66.5,62.7,60.5,4.4,1
S5593,18,67.6,63.1,77.7,2.2,0
S5594,17,66.3,78.7,70.7,4.8,1
S5595,18,29.8,33.7,77.1,7.2,0
S5596,18,61.8,70.0,45.8,6.4,1
S5597,15,43.3,42.6,65.7,7.8,0
S5598,16,62.6,70.0,76.6,4.4,1
S5599,17,42.9,51.4,83.1,7.7,1
S5600,15,42.2,46.6,46.4,4.6,1
S5601,15,84.1,49.5,60.8,7.9,1
S5602,15,76.0,37.8,77.4,5.0,1
S5603,18,59.9,58.6,62.7,6.4,0
S5604,16,62.8,47.2,54.1,8.0,1
S5605,16,56.3,69.0,46.4,4.6,1
S5606,17,68.5,67.0,53.6,5.4,1
S5607,16,49.9,81.6,44.7,7.6,0
S5608,16,74.9,63.1,65.7,4.7,1
S5609,15,56.2,65.3,75.8,2.4,1
S5610,15,53.7,77.6,49.9,9.3,0
S5611,18,60.3,49.2,68.1,4.1,1
S5612,15,51.1,37.2,75.1,5.3,1
S5613,15,64.9,60.8,65.0,7.3,1
S5614,15,51.9,38.1,45.7,3.8,0
S5615,15,67.0,92.4,69.6,3.0,1
S5616,18,78.2,78.4,64.3,5.5,1
S5617,15,49.2,88.3,63.1,1.4,1
S5618,17,58.0,58.9,58.4,4.4,1
S5619,17,66.9,65.7,66.0,5.5,1
S5620,17,53.5,51.6,71.1,4.5,1
S5621,17,67.0,70.4,93.7,1.9,1
S5622,15,68.3,41.0,66.3,8.2,1
S5623,17,76.2,22.4,83.1,5.2,1
S5624,15,50.9,46.9,69.3,7.9,0
S5625,18,45.9,37.6,63.8,4.5,1
S5626,17,55.4,78.7,66.8,3.2,1
S5627,16,45.5,83.4,50.3,5.5,1
S5628,17,68.5,38.4,68.7,4.6,1
S5629,17,42.6,76.1,41.1,2.6,0
S5630,15,95.0,71.3,54.6,7.9,1
S5631,17,79.4,36.0,66.3,3.8,1
S5632,16,60.2,52.5,79.3,1.3,1
S5633,15,73.0,49.9,82.2,7.7,1
S5634,15,35.4,68.5,62.2,4.0,0
S5635,18,97.9,40.8,66.9,3.8,1
S5636,18,51.1,56.6,76.8,1.5,1
S5637,17,58.2,48.4,49.0,8.5,0
S5638,18,32.2,64.6,69.9,2.4,1
S5639,18,67.3,55.0,55.1,5.1,1
S5640,18,43.4,50.5,62.9,6.8,1
S5641,15,61.5,55.0,59.5,5.8,1
S5642,15,51.8,86.5,70.2,4.9,1
S5643,15,43.8,52.2,71.6,1.6,1
S5644,18,47.9,43.4,75.7,3.4,1
S5645,15,63.4,66.2,69.2,5.4,0
S5646,18,40.8,56.0,67.1,3.4,0
S5647,15,48.8,38.2,87.2,5.4,1
S5648,15,69.9,89.2,46.7,6.4,1
S5649,16,99.0,53.1,85.3,6.9,1
S5650,17,67.2,52.7,61.5,2.5,0
S5651,18,46.2,60.2,71.9,9.4,0
S5652,16,54.5,82.2,61.1,6.5,1
S5653,15,60.5,34.5,56.6,5.0,1
S5654,18,54.8,61.9,70.8,7.2,1
S5655,15,73.5,87.2,77.5,9.7,1
S5656,17,63.3,59.8,70.7,2.1,1
S5657,16,73.6,40.7,58.5,4.5,1
S5658,17,55.3,49.3,100.0,0.2,1
S5659,16,79.9,60.9,79.4,5.4,1
S5660,15,57.5,76.6,76.2,5.7,1
S5661,17,45.4,53.2,60.8,4.9,0
S5662,17,92.7,69.6,57.5,3.7,1
S5663,15,32.6,37.9,61.6,0.9,0
S5664,17,48.9,37.8,78.0,5.7,1
S5665,18,50.6,51.2,53.1,7.9,1
S5666,16,97.6,78.1,52.2,3.8,1
S5667,16,87.1,59.0,71.5,5.9,0
S5668,16,82.4,62.1,68.8,1.9,1
S5669,18,55.0,61.9,55.8,5.9,1
S5670,16,96.4,73.5,51.9,4.2,1
S5671,15,65.5,49.5,82.3,3.5,1
S5672,17,74.7,67.6,69.3,3.5,1
S5673,18,62.7,46.4,48.6,4.2,0
S5674,16,59.3,85.8,49.5,5.8,0
S5675,15,56.2,46.8,60.7,2.4,0
S5676,17,56.9,45.6,73.8,4.2,0
S5677,17,69.1,65.7,72.1,4.9,1
S5678,18,65.5,59.1,78.6,2.8,1
S5679,18,59.5,62.6,47.1,8.6,1
S5680,18,82.6,61.2,67.7,3.3,1
S5681,15,15.5,42.7,82.1,3.7,0
S5682,15,67.6,80.6,81.0,3.0,1
S5683,18,70.8,70.5,69.3,8.6,0
S5684,16,77.2,77.0,93.2,6.1,1
S5685,17,59.0,50.6,72.3,3.1,1
S5686,17,63.1,63.8,77.5,7.2,1
S5687,15,74.8,60.8,65.5,5.4,1
S5688,17,82.4,73.8,55.6,5.5,1
S5689,16,55.5,74.2,54.5,4.3,1
S5690,17,64.0,60.7,67.2,3.5,1
S5691,15,85.2,36.7,62.5,5.7,1
S5692,15,28.1,82.9,43.8,3.9,0
S5693,16,49.6,65.8,52.7,8.6,1
S5694,16,82.0,49.5,61.2,2.5,1
S5695,17,76.4,63.7,73.7,8.1,1
S5696,17,67.8,36.8,64.8,4.8,1
S5697,15,53.3,72.8,64.1,5.6,1
S5698,16,46.8,37.4,53.2,6.7,0
S5699,16,51.1,54.9,65.3,3.7,0
S5700,16,83.2,61.4,80.8,6.7,0
S5701,17,50.6,72.5,66.9,0.0,1
S5702,16,61.5,59.5,46.9,3.6,1
S5703,15,48.7,66.9,50.0,3.2,1
S5704,15,72.6,57.6,72.1,2.5,0
S5705,17,51.9,57.5,62.3,4.6,1
S5706,18,58.5,59.2,64.1,5.8,1
S5707,17,34.7,55.4,57.6,6.4,0
S5708,18,35.8,34.4,71.0,5.5,0
S5709,16,60.1,47.2,61.4,3.7,0
S5710,17,40.1,61.4,62.8,5.7,1
S5711,15,91.6,54.5,54.8,5.2,1
S5712,16,29.1,55.8,76.1,6.9,0
S5713,15,48.0,53.5,62.3,6.6,1
S5714,16,60.3,45.9,72.3,5.1,1
S5715,17,54.5,51.1,50.7,3.2,1
S5716,18,43.4,53.7,85.8,3.7,0
S5717,16,45.6,58.1,80.3,3.9,1
S5718,18,45.1,63.5,42.1,4.4,0
S5719,16,55.7,55.5,55.4,5.5,1
S5720,15,89.3,43.6,70.7,6.4,1
S5721,15,61.2,38.4,49.2,4.9,0
S5722,16,77.7,94.4,63.4,5.0,1
S5723,18,67.6,42.2,70.1,5.3,1
S5724,17,76.7,50.7,62.8,4.0,1
S5725,17,18.0,65.2,71.5,3.1,1
S5726,15,55.4,63.1,56.7,1.5,0
S5727,17,79.6,65.3,38.1,3.6,0
S5728,15,51.4,51.8,76.8,5.9,1
S5729,17,86.4,61.3,76.7,3.6,1
S5730,16,82.3,58.9,95.0,4.5,1
S5731,15,53.0,53.6,38.5,5.9,0
S5732,15,52.5,61.4,74.0,6.0,1
S5733,16,44.8,72.8,41.4,2.8,0
S5734,15,50.6,57.7,86.1,7.0,1
S5735,17,41.5,57.8,70.9,7.3,0
S5736,17,66.4,73.0,53.6,2.7,0
S5737,15,38.2,71.5,74.4,3.4,1
S5738,17,69.1,80.2,58.4,7.4,1
S5739,18,69.4,33.4,68.6,4.7,1
S5740,15,35.1,70.7,67.5,0.6,1
S5741,16,83.2,66.4,85.9,2.2,1
S5742,18,67.7,45.6,86.8,4.5,1
S5743,15,71.2,61.5,57.8,2.7,1
S5744,16,48.6,72.7,77.7,4.2,1
S5745,17,69.3,46.4,69.3,5.1,1
S5746,16,76.9,64.2,48.0,7.9,1
S5747,18,58.5,70.2,56.6,4.4,1
S5748,17,90.0,43.0,93.0,7.1,1
S5749,15,60.7,56.0,69.3,7.9,1
S5750,17,77.1,62.2,77.0,7.9,1
S5751,15,64.4,46.9,62.5,5.6,0
S5752,15,68.8,45.7,58.5,1.1,1
S5753,16,34.9,56.1,65.3,5.9,1
S5754,16,65.6,69.2,61.8,7.1,1
S5755,16,49.0,67.0,47.1,4.8,0
S5756,18,47.3,45.9,53.0,8.5,0
S5757,18,86.2,67.1,73.5,6.7,1
S5758,16,56.8,46.3,60.4,6.1,1
S5759,18,45.0,35.5,65.3,7.2,1
S5760,17,54.6,52.9,67.8,5.7,1
S5761,17,40.5,73.7,68.8,0.0,1
S5762,18,81.5,67.2,78.8,4.0,1
S5763,18,49.6,58.0,51.8,7.4,1
S5764,17,67.9,52.2,71.8,3.4,1
S5765,15,80.3,52.5,74.1,4.6,1
S5766,17,52.5,59.5,76.8,2.9,1
S5767,17,68.0,43.0,48.0,8.6,0
S5768,18,44.5,53.1,68.1,8.4,0
S5769,17,96.7,55.0,85.6,3.2,1
S5770,18,74.0,39.1,63.8,5.3,1
S5771,18,57.1,46.3,70.8,3.6,1
S5772,16,48.4,63.7,74.4,6.2,1
S5773,17,58.3,58.1,52.7,6.0,1
S5774,15,54.9,53.7,87.0,6.6,1
S5775,16,89.3,45.2,71.0,5.7,1
S5776,18,41.6,80.1,71.2,10.9,1
S5777,18,62.0,46.3,45.1,2.9,0
S5778,15,59.7,61.5,74.5,1.6,1
S5779,18,58.2,51.2,71.1,4.2,0
S5780,17,58.4,58.5,84.5,1.9,1
S5781,16,58.3,64.4,61.3,2.0,1
S5782,18,73.1,38.8,53.1,3.0,1
S5783,18,69.1,57.9,56.8,3.2,1
S5784,15,66.3,74.7,58.9,3.1,1
S5785,17,14.5,82.7,51.6,6.0,1
S5786,18,64.5,56.2,80.5,4.0,1
S5787,15,35.2,58.6,80.9,4.6,0
S5788,18,69.7,89.0,62.7,6.8,1
S5789,15,82.1,73.9,60.3,3.5,1
S5790,15,46.1,49.4,43.2,4.5,0
S5791,17,56.1,49.3,73.4,5.7,1
S5792,18,51.0,71.4,84.8,1.1,1
S5793,17,78.5,43.8,57.4,0.2,0
S5794,15,61.4,73.2,63.6,5.7,1
S5795,16,85.9,62.7,70.2,6.0,1
S5796,18,66.2,65.2,85.7,9.1,1
S5797,16,63.6,54.4,67.4,5.3,1
S5798,18,61.0,49.2,67.3,6.6,1
S5799,17,72.3,78.5,67.2,4.6,1
S5800,17,33.9,54.5,47.9,5.6,0
S5801,17,61.3,52.2,47.6,8.3,0
S5802,17,58.9,56.9,55.3,0.8,1
S5803,17,70.9,60.7,77.2,5.8,0
S5804,16,57.2,43.6,61.0,9.3,0
S5805,17,44.4,50.1,58.6,5.6,0
S5806,15,60.1,49.3,58.4,8.3,0
S5807,15,43.8,69.8,63.3,3.7,1
S5808,16,31.1,45.6,85.4,4.9,1
S5809,18,70.9,33.4,63.2,5.1,1
S5810,15,68.7,30.5,55.6,0.6,1
S5811,18,67.0,37.4,65.3,2.7,1
S5812,16,79.5,77.1,86.1,2.8,1
S5813,18,50.0,58.2,59.0,6.6,1
S5814,18,38.5,65.0,50.8,6.7,0
S5815,18,58.9,65.5,59.0,5.6,1
S5816,18,54.8,58.8,66.5,6.6,1
S5817,16,47.4,57.0,73.3,4.7,1
S5818,15,58.8,72.6,77.1,7.4,0
S5819,17,50.8,60.0,52.5,5.0,0
S5820,18,32.5,77.6,53.6,5.1,1
S5821,15,53.4,66.7,61.1,4.5,1
S5822,15,43.0,49.4,73.2,6.4,0
S5823,16,63.5,51.0,49.9,4.2,1
S5824,15,50.2,47.8,57.7,7.0,1
S5825,16,76.7,75.0,57.9,2.7,1
S5826,18,84.1,52.3,76.3,2.8,1
S5827,18,70.2,46.8,71.3,6.4,1
S5828,17,36.7,62.5,75.8,4.8,1
S5829,17,82.6,56.6,81.1,4.1,1
S5830,17,83.6,62.1,61.3,6.8,1
S5831,15,60.3,84.5,50.8,3.8,1
S5832,18,79.8,70.8,50.8,4.6,1
S5833,16,51.7,58.4,42.9,7.8,0
S5834,17,32.0,38.3,59.5,8.1,1
S5835,16,48.6,51.0,60.4,8.1,0
S5836,16,85.9,68.0,74.5,4.4,1
S5837,17,37.6,41.6,65.2,7.5,0
S5838,18,60.0,88.0,59.1,3.1,1
S5839,17,60.5,58.2,63.6,3.2,1
S5840,16,52.3,58.7,52.5,0.3,1
S5841,17,53.3,48.7,77.3,8.3,1
S5842,16,61.1,65.0,55.6,3.3,1
S5843,16,51.6,41.8,51.3,4.7,0
S5844,17,38.7,88.3,74.8,3.2,1
S5845,15,63.2,76.4,71.9,6.4,1
S5846,17,76.1,71.8,44.3,4.2,1
S5847,15,73.0,38.5,75.3,2.4,0
S5848,16,47.9,60.9,56.1,5.9,1
S5849,16,41.2,74.9,60.5,2.1,1
S5850,15,55.7,66.3,67.2,3.3,0
S5851,16,83.5,44.0,72.0,0.8,1
S5852,15,69.7,48.9,70.3,2.2,1
S5853,15,70.6,51.7,64.4,5.4,1
S5854,16,73.3,49.6,59.9,1.1,0
S5855,18,66.3,79.4,69.9,2.0,1
S5856,15,61.8,31.1,63.6,5.0,1
S5857,17,69.9,67.2,86.7,3.9,1
S5858,17,51.8,39.9,72.0,9.0,1
S5859,16,38.8,44.5,53.9,8.7,0
S5860,18,70.8,29.9,59.3,3.3,1
S5861,16,78.6,50.3,65.6,6.1,1
S5862,18,43.2,79.2,80.6,6.5,1
S5863,15,72.3,61.7,81.9,3.8,1
S5864,15,85.2,41.2,60.2,2.0,0
S5865,15,60.0,72.2,53.8,5.0,0
S5866,15,47.7,75.2,52.3,4.7,0
S5867,17,61.8,59.5,68.0,4.1,1
S5868,17,51.7,86.5,92.6,5.9,1
S5869,16,50.7,69.5,71.5,3.5,1
S5870,18,66.5,67.6,45.9,2.7,0
S5871,15,35.9,46.8,56.3,5.2,0
S5872,15,38.3,66.8,57.5,5.8,1
S5873,18,60.3,61.0,55.1,2.6,1
S5874,18,59.7,65.3,60.3,6.9,1
S5875,16,65.2,48.4,69.4,1.5,1
S5876,18,88.1,59.8,73.2,3.8,1
S5877,15,61.6,46.6,78.1,4.5,1
S5878,15,69.0,27.9,71.3,3.7,0
S5879,15,45.4,72.0,41.6,3.9,0
S5880,15,71.5,37.0,52.3,8.7,0
S5881,15,52.1,59.5,63.1,3.3,0
S5882,16,61.1,62.7,66.8,9.9,1
S5883,15,58.4,62.6,75.3,5.9,1
S5884,16,75.5,54.0,65.5,5.2,1
S5885,15,40.4,61.8,65.6,6.0,0
S5886,17,25.8,64.6,67.9,10.1,0
S5887,17,56.8,68.3,61.9,3.0,1
S5888,17,67.0,82.3,66.0,2.8,0
S5889,17,62.3,61.3,78.5,3.5,1
S5890,16,78.5,58.9,64.0,5.1,1
S5891,16,66.6,45.3,64.6,1.5,0
S5892,18,51.5,64.1,64.6,5.0,1
S5893,15,25.1,67.3,80.6,8.4,0
S5894,17,56.4,55.3,51.7,5.3,1
S5895,16,75.4,65.6,86.3,4.4,1
S5896,15,54.1,53.9,50.9,3.8,0
S5897,15,60.4,67.4,57.1,6.8,1
S5898,16,66.3,70.8,73.9,3.3,1
S5899,17,44.8,70.6,77.4,8.7,1
S5900,18,69.3,59.6,48.2,8.9,0
S5901,15,84.6,43.4,51.9,5.5,0
S5902,18,57.4,49.4,68.3,5.0,1
S5903,17,43.1,66.3,93.1,7.1,1
S5904,17,59.0,92.3,80.0,7.2,1
S5905,18,26.6,53.2,62.0,3.4,0
S5906,17,65.1,64.4,36.0,3.9,0
S5907,15,66.8,50.2,66.0,2.4,0
S5908,18,85.1,44.4,69.3,5.8,1
S5909,17,57.1,48.5,60.4,6.3,1
S5910,18,66.1,28.8,54.8,2.3,0
S5911,15,47.1,76.9,66.9,4.1,1
S5912,17,54.7,26.8,53.7,2.3,1
S5913,15,37.1,54.3,87.5,3.2,1
S5914,17,57.1,41.5,83.2,6.1,1
S5915,16,55.4,45.6,72.9,3.5,1
S5916,17,64.5,77.3,66.1,4.4,1
S5917,18,50.6,60.8,57.1,1.7,1
S5918,17,61.3,44.5,64.8,5.4,1
S5919,15,55.0,49.7,84.7,4.9,0
S5920,15,55.0,47.3,75.4,3.5,1
S5921,17,61.2,57.4,67.4,4.6,1
S5922,18,60.6,60.4,76.1,5.4,1
S5923,16,71.4,84.5,71.5,3.4,1
S5924,18,58.2,31.2,69.8,2.0,1
S5925,16,54.8,57.5,76.8,8.6,0
S5926,15,57.3,53.6,71.2,3.7,0
S5927,18,49.3,71.3,75.3,4.8,1
S5928,16,54.6,63.0,66.9,7.0,1
S5929,17,90.5,66.3,62.0,12.0,1
S5930,15,46.3,62.8,58.4,2.5,0
S5931,17,55.8,45.0,57.0,5.9,0
S5932,15,54.2,75.0,45.7,3.6,1
S5933,18,56.3,69.2,54.1,3.9,1
S5934,18,55.0,70.8,53.7,3.6,1
S5935,15,64.2,75.7,58.9,2.7,1
S5936,15,34.3,63.8,83.7,4.9,0
S5937,15,75.6,78.7,63.1,2.1,1
S5938,18,69.5,63.3,67.9,6.9,1
S5939,16,41.4,54.9,68.3,5.1,1
S5940,17,26.0,57.9,84.1,5.8,1
S5941,17,45.3,57.7,58.1,4.1,1
S5942,18,56.4,50.7,62.3,4.3,0
S5943,17,98.7,80.8,63.7,5.6,1
S5944,15,68.1,62.1,78.6,2.7,1
S5945,16,32.9,59.3,81.1,4.3,0
S5946,17,49.7,63.4,70.7,3.3,1
S5947,16,59.2,99.7,79.8,3.2,1
S5948,15,63.8,42.2,67.1,0.8,1
S5949,17,40.3,46.2,62.9,7.7,0
S5950,18,58.0,38.7,79.1,3.6,1
S5951,16,49.2,54.7,70.9,7.3,0
S5952,15,43.4,61.4,56.2,7.1,1
S5953,16,63.9,51.5,77.0,2.4,1
S5954,17,71.6,50.4,62.5,2.8,1
S5955,17,72.6,60.0,61.0,10.1,1
S5956,18,68.6,51.0,75.7,8.5,0
S5957,15,52.5,62.3,63.9,4.9,1
S5958,15,70.7,73.6,69.7,5.5,1
S5959,18,64.6,67.5,72.9,3.7,1
S5960,18,62.0,70.3,55.6,5.9,1
S5961,15,50.8,73.2,69.6,3.6,1
S5962,16,52.5,62.0,81.2,0.9,1
S5963,16,61.1,55.8,53.5,2.4,1
S5964,18,96.6,47.2,70.4,5.0,1
S5965,16,64.5,52.5,55.0,2.7,0
S5966,15,50.8,50.7,77.3,4.9,0
S5967,17,47.5,68.2,77.1,2.9,0
S5968,17,52.6,62.9,60.7,3.4,0
S5969,16,92.7,67.8,91.5,6.7,1
S5970,18,54.0,41.8,78.3,5.5,1
S5971,18,73.6,78.0,73.5,5.0,1
S5972,18,54.4,52.0,72.8,6.8,0
S5973,18,63.9,42.6,76.8,6.0,1
S5974,18,71.9,51.9,53.1,7.9,1
S5975,16,51.4,92.8,67.3,4.1,1
S5976,17,50.4,52.6,69.6,4.1,1
S5977,17,84.9,53.4,60.2,2.4,1
S5978,16,74.8,55.3,70.6,4.1,1
S5979,18,71.9,55.9,79.8,6.9,0
S5980,16,71.8,47.1,59.9,7.6,1
S5981,17,66.9,60.0,64.3,6.9,0
S5982,15,90.3,73.1,55.2,1.4,1
S5983,16,60.7,62.4,43.6,7.2,0
S5984,18,68.7,42.4,74.3,1.3,1
S5985,17,38.2,53.2,64.7,6.8,0
S5986,17,47.6,50.3,65.6,4.3,1
S5987,17,42.0,58.7,53.2,6.4,0
S5988,17,79.1,76.6,62.8,2.3,1
S5989,18,21.7,55.9,78.2,7.3,1
S5990,15,54.0,56.8,65.0,2.1,1
S5991,17,15.1,82.9,65.4,3.7,1
S5992,16,47.5,70.3,67.5,3.0,1
S5993,15,52.6,66.0,50.2,1.5,1
S5994,17,80.8,85.4,72.5,5.2,1
S5995,15,65.9,64.9,49.9,8.6,1
S5996,16,47.5,30.2,53.7,10.3,0
S5997,17,76.0,69.7,52.4,5.2,0
S5998,16,60.3,35.7,62.9,7.2,0
S5999,18,60.6,64.3,60.8,5.5,1
